date,p_structural,p_shock,tactical_level,risk_regime,base_allocation,shock_modifier,tactical_multiplier,final_allocation,allocation_action,drawdown_252,ret5d,vol20,hurst_100
2026-01-06,0.0068349749777491,0.0031202814712266,0,NORMAL,1.0,1.0,1.0,1.0,FULL_RISK_ON,0.0,0.0069867799955436,0.0058327338620384,0.7884637819234118
2026-01-05,0.0069385864811506,0.0031202814712266,0,NORMAL,1.0,1.0,1.0,1.0,FULL_RISK_ON,0.0038530000302355,-0.0001890017989777,0.0057141285595284,0.7893549085827996
2026-01-02,0.0086840927159022,0.0033275926278912,1,NORMAL,1.0,1.0,0.9,0.9,LIGHT_REDUCE,0.0104435556094648,-0.0103432004080622,0.0055691378171526,0.7901192143897487
2025-12-31,0.0095908509829598,0.0033275926278912,2,NORMAL,1.0,1.0,0.8,0.8,LIGHT_REDUCE,0.0122541526591464,-0.0122541526591464,0.0055728477342818,0.7912256223142132
2025-12-30,0.0069527787510801,0.0031959252851737,0,NORMAL,1.0,1.0,1.0,1.0,FULL_RISK_ON,0.0048813625732969,-0.0013809119377419,0.0053354410132601,0.7915967958634538
2025-12-29,0.0069236303443824,0.0031959252851737,0,NORMAL,1.0,1.0,1.0,1.0,FULL_RISK_ON,0.0036646908644238,0.0044097928255641,0.0053256409820603,0.791737191647309
2025-12-26,0.0068308720335929,0.0031959252851737,0,NORMAL,1.0,1.0,1.0,1.0,FULL_RISK_ON,0.0001014040437492,0.0142816825395373,0.0053725088573727,0.7916541118049497
2025-12-24,0.0068516794874363,0.0031202814712266,0,NORMAL,1.0,1.0,1.0,1.0,FULL_RISK_ON,0.0,0.0313077115037288,0.0054736421016823,0.7960975515073356
2025-12-23,0.006813989927453,0.0031202814712266,0,NORMAL,1.0,1.0,1.0,1.0,FULL_RISK_ON,0.0,0.0163843706629773,0.005608166614001,0.7980056710055347
2025-12-22,0.0068999430470386,0.0031202814712266,0,NORMAL,1.0,1.0,1.0,1.0,FULL_RISK_ON,0.0033610485043027,0.0089956845282122,0.0058635042991932,0.7991779551519835
2025-12-19,0.0070785760984767,0.0031202814712266,0,NORMAL,1.0,1.0,1.0,1.0,FULL_RISK_ON,0.0095315423729807,0.0012337202132666,0.0065069284885163,0.8004976230227048
2025-12-18,0.0132911453007148,0.0033275926278912,1,NORMAL,1.0,1.0,0.9,0.9,LIGHT_REDUCE,0.0184279861226953,-0.0184279861226953,0.0065626835802335,0.8006372703529125
2025-12-17,0.0181011650973711,0.0033275926278912,2,NORMAL,1.0,1.0,0.8,0.8,LIGHT_REDUCE,0.025784559979691,-0.0235176271136341,0.0074366415292502,0.8024823364441869
2025-12-16,0.0080268937410044,0.0033275926278912,0,NORMAL,1.0,1.0,1.0,1.0,FULL_RISK_ON,0.0149454250426404,-0.0061049711972336,0.0069328646121396,0.8043797255238303
2025-12-15,0.0073448887658425,0.0031202814712266,0,NORMAL,1.0,1.0,1.0,1.0,FULL_RISK_ON,0.0122465667811976,-0.0042420950974673,0.0072214829840824,0.8059989516864986
2025-12-12,0.0073250669810914,0.0031202814712266,2,NORMAL,1.0,1.0,0.8,0.8,LIGHT_REDUCE,0.0107519976294389,-0.005731415951404,0.0075747979394496,0.8074974262871318
2025-12-11,0.0067509138909628,0.0031202814712266,0,NORMAL,1.0,1.0,1.0,1.0,FULL_RISK_ON,0.0,0.006984251355768,0.0070823274940133,0.808930538257088
2025-12-10,0.0067428508294474,0.0032004465092154,0,NORMAL,1.0,1.0,1.0,1.0,FULL_RISK_ON,0.0,0.0053810284821429,0.0081228483248578,0.8107409177882138
2025-12-09,0.0069230584060916,0.0032004465092154,0,NORMAL,1.0,1.0,1.0,1.0,FULL_RISK_ON,0.0063283366656226,0.002215517605308,0.0079875111242804,0.8123028941915368
2025-12-08,0.0068983268923561,0.0032004465092154,0,NORMAL,1.0,1.0,1.0,1.0,FULL_RISK_ON,0.0054699356141325,0.0049392105811842,0.0079999835668974,0.8133101505871997
2025-12-05,0.0067978453977965,0.0032004465092154,0,NORMAL,1.0,1.0,1.0,1.0,FULL_RISK_ON,0.0024731461355878,0.0033655586861458,0.0086634327912498,0.8143929131592594
2025-12-04,0.0068587619482766,0.0032004465092154,0,NORMAL,1.0,1.0,1.0,1.0,FULL_RISK_ON,0.004364317909573,0.0069297056516535,0.0086615231473982,0.8157566749736497
2025-12-03,0.0068747298395254,0.0032004465092154,0,NORMAL,1.0,1.0,1.0,1.0,FULL_RISK_ON,0.0050917190703335,0.0061940531937612,0.0090556452570364,0.8169389292756969
2025-12-02,0.0069842846295016,0.0032004465092154,0,NORMAL,1.0,1.0,1.0,1.0,FULL_RISK_ON,0.0085249670563327,0.0096441951641361,0.0090556917669784,0.8177838816795611
2025-12-01,0.0070851278490397,0.0032004465092154,0,NORMAL,1.0,1.0,1.0,1.0,FULL_RISK_ON,0.0103579859216528,0.0172566538559557,0.0094578573887178,0.8183186812124292
2025-11-28,0.0069534471201923,0.0032004465092154,0,NORMAL,1.0,1.0,1.0,1.0,FULL_RISK_ON,0.005819120231094,0.0369633808594229,0.0094103145897751,0.819131975715865
2025-11-26,0.007213184182371,0.0032004465092154,0,NORMAL,1.0,1.0,1.0,1.0,FULL_RISK_ON,0.0112162979181525,0.0257307812938096,0.0096775570302528,0.8205754376349305
2025-11-25,0.0081503207810006,0.0032004465092154,0,NORMAL,1.0,1.0,1.0,1.0,FULL_RISK_ON,0.0179956090546483,0.0226335446836185,0.0095236134017255,0.8210198645656106
2025-11-24,0.0095693625594391,0.0032004465092154,0,NORMAL,1.0,1.0,1.0,1.0,FULL_RISK_ON,0.02714618741783,0.0045968417921127,0.0092572709504578,0.8210232200240719
2025-11-21,0.0203325984256965,0.0034284662284041,1,NORMAL,1.0,1.0,0.9,0.9,LIGHT_REDUCE,0.0412574849606158,-0.0191984360723719,0.0090131066395485,0.8210106947903439
2025-11-20,0.1189771415260325,0.0034284662284041,2,NORMAL,1.0,1.0,0.8,0.8,LIGHT_REDUCE,0.0507135219405224,-0.0290309131781594,0.0089034422270838,0.8216644380634892
2025-11-19,0.0119618852996253,0.0034284662284041,2,NORMAL,1.0,1.0,0.8,0.8,LIGHT_REDUCE,0.036020250036134,-0.0303637448827702,0.0084181144027563,0.8228751266401119
2025-11-18,0.0144034092079279,0.0034284662284041,2,NORMAL,1.0,1.0,0.8,0.8,LIGHT_REDUCE,0.0397299247120206,-0.0335577513669745,0.0084230142374408,0.8228469791851724
2025-11-17,0.0084379259082535,0.0034284662284041,2,NORMAL,1.0,1.0,0.8,0.8,LIGHT_REDUCE,0.0315977792178959,-0.0231422175349583,0.0082318697071852,0.822741207035591
2025-11-14,0.0087709561457075,0.0032004465092154,0,NORMAL,1.0,1.0,1.0,1.0,FULL_RISK_ON,0.0224908377999606,0.0014308283057125,0.008286880737453,0.8222900866674437
2025-11-13,0.0087470900411178,0.0032004465092154,2,NORMAL,1.0,1.0,0.8,0.8,LIGHT_REDUCE,0.0223308950373839,0.0025808212107338,0.008361221242228,0.8214612206341718
2025-11-12,0.0068878399661279,0.0032004465092154,0,NORMAL,1.0,1.0,1.0,1.0,FULL_RISK_ON,0.0058336361945128,0.0085598536566504,0.0075293229328215,0.8203239456369068
2025-11-11,0.0069217643985139,0.0032004465092154,0,NORMAL,1.0,1.0,1.0,1.0,FULL_RISK_ON,0.0063864895742877,0.0114921865098511,0.0075570304781152,0.8189318519041973
2025-11-10,0.0069730440154239,0.0032004465092154,0,NORMAL,1.0,1.0,1.0,1.0,FULL_RISK_ON,0.0086558778920718,-0.0027804707360785,0.0075802449883209,0.8175510681981373
2025-11-07,0.0134632690492211,0.0034284662284041,1,NORMAL,1.0,1.0,0.9,0.9,LIGHT_REDUCE,0.0238874872128165,-0.016259634311702,0.0075547513173516,0.8154230411711838
2025-11-06,0.0126590465623315,0.0034284662284041,2,NORMAL,1.0,1.0,0.8,0.8,LIGHT_REDUCE,0.0248475890632279,-0.0140034878153826,0.0098735165601195,0.8128227245435595
2025-11-05,0.0105849757319813,0.0034284662284041,1,NORMAL,1.0,1.0,0.9,0.9,LIGHT_REDUCE,0.0142713293603526,-0.0142713293603526,0.0095771348454228,0.8106184352786346
2025-11-04,0.0124916023259016,0.0033275926278912,2,NORMAL,1.0,1.0,0.8,0.8,LIGHT_REDUCE,0.0176755454195144,-0.0172037093894611,0.0096356611995235,0.8084345386515502
2025-11-03,0.0069231893415804,0.0031202814712266,0,NORMAL,1.0,1.0,1.0,1.0,FULL_RISK_ON,0.005891789103178,-0.0027726720681228,0.0092504668699733,0.8062374150477113
2025-10-31,0.0070055230328239,0.0031202814712266,0,NORMAL,1.0,1.0,1.0,1.0,FULL_RISK_ON,0.0077539289503257,0.0071022643817577,0.0092677807029965,0.8055771380242448
2025-10-30,0.0072119033308986,0.0031202814712266,2,NORMAL,1.0,1.0,0.8,0.8,LIGHT_REDUCE,0.0109981131919205,0.0120131879067113,0.0092542493623857,0.8049051948913285
2025-10-29,0.0068122140930152,0.0031202814712266,0,NORMAL,1.0,1.0,1.0,1.0,FULL_RISK_ON,0.0,0.0293351361261344,0.0088259609802248,0.8047025632572414
2025-10-28,0.0068002481988408,0.0031202814712266,0,NORMAL,1.0,1.0,1.0,1.0,FULL_RISK_ON,0.0,0.0234921340129969,0.0088335599444387,0.8046856205388901
2025-10-27,0.0067897532629767,0.0031202814712266,0,NORMAL,1.0,1.0,1.0,1.0,FULL_RISK_ON,0.0,0.0207656726251403,0.0088441567510793,0.8059226977553774
2025-10-24,0.0067828563588158,0.0031202814712266,0,NORMAL,1.0,1.0,1.0,1.0,FULL_RISK_ON,0.0,0.0193560555245153,0.0085232347326511,0.8071200744219413
2025-10-23,0.0068415091059048,0.0031202814712266,0,NORMAL,1.0,1.0,1.0,1.0,FULL_RISK_ON,0.0020055943468304,0.0168321328031029,0.0084348993890454,0.8076273766797972
2025-10-22,0.0069926373515435,0.0031202814712266,2,NORMAL,1.0,1.0,0.8,0.8,LIGHT_REDUCE,0.0078887802306765,0.0039538794134421,0.0084443525900383,0.8074209270105721
2025-10-21,0.006854176189214,0.0031202814712266,0,NORMAL,1.0,1.0,1.0,1.0,FULL_RISK_ON,0.002703955521696,0.0136809819920669,0.0083840492866229,0.8072185801717282
2025-10-20,0.0068523718704123,0.0031202814712266,0,NORMAL,1.0,1.0,1.0,1.0,FULL_RISK_ON,0.0026890406587348,0.0124577587685696,0.0084935044113908,0.8070092828456071
2025-10-17,0.0074935996193432,0.0031202814712266,0,NORMAL,1.0,1.0,1.0,1.0,FULL_RISK_ON,0.0129547407574004,0.0174114825529891,0.0082316164279165,0.8067420454973921
2025-10-16,0.0120322084596956,0.0033275926278912,2,NORMAL,1.0,1.0,0.8,0.8,LIGHT_REDUCE,0.0185258967947868,-0.0156742754030322,0.0082073057640116,0.8061514109429424
2025-10-15,0.0092913312734227,0.0033275926278912,1,NORMAL,1.0,1.0,0.9,0.9,LIGHT_REDUCE,0.0117960196050417,-0.0117960196050417,0.0081032455507646,0.8055343111833563
2025-10-14,0.0095325695427013,0.0033275926278912,1,NORMAL,1.0,1.0,0.9,0.9,LIGHT_REDUCE,0.0161638008454726,-0.010297090826886,0.0080618713148124,0.8046869181921941
2025-10-13,0.0101973582408662,0.0033275926278912,1,NORMAL,1.0,1.0,0.9,0.9,LIGHT_REDUCE,0.0149604260485171,-0.0127603637109718,0.0080635263853408,0.8039541236832879
2025-10-10,0.0198975560428775,0.0033275926278912,2,NORMAL,1.0,1.0,0.8,0.8,LIGHT_REDUCE,0.029846550615088,-0.024192753150969,0.0073624090452717,0.8035126675675239
2025-10-09,0.0068482947918455,0.0031959252851737,0,NORMAL,1.0,1.0,1.0,1.0,FULL_RISK_ON,0.0028970302416125,0.002898960099142,0.0037904354395379,0.8039498815954178
2025-10-08,0.006766618622123,0.0031959252851737,0,NORMAL,1.0,1.0,1.0,1.0,FULL_RISK_ON,0.0,0.0069713055006772,0.0039820279726993,0.8048415238042059
2025-10-07,0.0068680762268707,0.0031959252851737,0,NORMAL,1.0,1.0,1.0,1.0,FULL_RISK_ON,0.003707511977453,0.0044132176544142,0.0038675252004461,0.8057166243298625
2025-10-06,0.0067675061106329,0.0031959252851737,0,NORMAL,1.0,1.0,1.0,1.0,FULL_RISK_ON,0.0,0.0119484984684592,0.0036639973043104,0.8066440750691452
2025-10-03,0.0067597622227553,0.0031959252851737,0,NORMAL,1.0,1.0,1.0,1.0,FULL_RISK_ON,1.4818614668121732e-05,0.0111661738033113,0.0036448362942855,0.8078495338722133
2025-10-02,0.00676864901535,0.0031959252851737,0,NORMAL,1.0,1.0,1.0,1.0,FULL_RISK_ON,0.0,0.0169742915331709,0.0037755941660339,0.8091380160907866
2025-10-01,0.0067535138784205,0.0032850627299575,0,NORMAL,1.0,1.0,1.0,1.0,FULL_RISK_ON,0.0,0.0111179632484685,0.0040567399493231,0.8102985307396905
2025-09-30,0.0067686945179223,0.0032850627133252,0,NORMAL,1.0,1.0,1.0,1.0,FULL_RISK_ON,0.0009897810749672,0.0044781161563298,0.0041171497577321,0.8112597426726227
2025-09-29,0.006860621921882,0.0032850627133252,0,NORMAL,1.0,1.0,1.0,1.0,FULL_RISK_ON,0.0047387765600893,-0.0047387765600893,0.0046123790212202,0.811976668900196
2025-09-26,0.0069492350561889,0.0032850627133252,0,NORMAL,1.0,1.0,1.0,1.0,FULL_RISK_ON,0.0075280093723509,-0.0028325891918336,0.0046155178452682,0.8128592185016343
2025-09-25,0.0074350565939271,0.0032850627133252,0,NORMAL,1.0,1.0,1.0,1.0,FULL_RISK_ON,0.0131815669018383,-0.0036021392602869,0.0047802909523933,0.8132034151959221
2025-09-24,0.0069929993824294,0.0032850627133252,0,NORMAL,1.0,1.0,1.0,1.0,FULL_RISK_ON,0.0086078456536382,0.0056931120654211,0.0046355104563306,0.8139761899886635
2025-09-23,0.006893882393243,0.0032850627133252,2,NORMAL,1.0,1.0,0.8,0.8,LIGHT_REDUCE,0.0054435205141353,0.0076496220669837,0.0045197456175409,0.814560175026403
2025-09-22,0.0067332407413353,0.0032850627133252,0,NORMAL,1.0,1.0,1.0,1.0,FULL_RISK_ON,0.0,0.0117698284796952,0.0042423080653087,0.8152033352421408
2025-09-19,0.0067314651788072,0.0032850627133252,0,NORMAL,1.0,1.0,1.0,1.0,FULL_RISK_ON,0.0,0.0123669660590766,0.0044217349517371,0.8164018188670076
2025-09-18,0.0067151688738223,0.0032850627133252,0,NORMAL,1.0,1.0,1.0,1.0,FULL_RISK_ON,0.0,0.0070403097497331,0.0053559502706539,0.8175766815357354
2025-09-17,0.0067985793202834,0.0032004465092154,0,NORMAL,1.0,1.0,1.0,1.0,FULL_RISK_ON,0.0026175401568387,0.0106868141150728,0.0054846833886567,0.8182873746357869
2025-09-16,0.0067676690512543,0.0032004465092154,0,NORMAL,1.0,1.0,1.0,1.0,FULL_RISK_ON,0.0013768510142991,0.0148693965203554,0.0055327217067942,0.8185139562758327
2025-09-15,0.0067337614240909,0.0032004465092154,0,NORMAL,1.0,1.0,1.0,1.0,FULL_RISK_ON,0.0,0.0186180297693203,0.0057171584148524,0.8188322211462645
2025-09-12,0.0067375857871001,0.0032004465092154,0,NORMAL,1.0,1.0,1.0,1.0,FULL_RISK_ON,0.0003347283459183,0.0157127743468856,0.0056491552768867,0.8189983627380382
2025-09-11,0.0067219420557697,0.0032004465092154,0,NORMAL,1.0,1.0,1.0,1.0,FULL_RISK_ON,0.0,0.013110083737039,0.0056934277255078,0.8189584475554351
2025-09-10,0.006721965622817,0.0032850627133252,0,NORMAL,1.0,1.0,1.0,1.0,FULL_RISK_ON,0.0,0.0131574781765573,0.0054275963506694,0.8187574473368744
2025-09-09,0.0067354665822065,0.0032850627133252,0,NORMAL,1.0,1.0,1.0,1.0,FULL_RISK_ON,0.0,0.0157120161037571,0.0054408230952297,0.8174737457504769
2025-09-08,0.0067367518211467,0.0032004465092154,0,NORMAL,1.0,1.0,1.0,1.0,FULL_RISK_ON,0.0004467337183338,0.0058600740429239,0.0058798625186529,0.8154754005181402
2025-09-05,0.0068192130426301,0.0032004465092154,0,NORMAL,1.0,1.0,1.0,1.0,FULL_RISK_ON,0.0028962983893755,0.003395053533759,0.0059064467709795,0.8122325514378108
2025-09-04,0.0067325241171075,0.0032004465092154,0,NORMAL,1.0,1.0,1.0,1.0,FULL_RISK_ON,0.0,0.0003082883206213,0.0060368141485027,0.8108761529635665
2025-09-03,0.0069743647828329,0.0031202814712266,0,NORMAL,1.0,1.0,1.0,1.0,FULL_RISK_ON,0.0079824823368008,-0.0044693509606256,0.0058200747974983,0.8097038974001315
2025-09-02,0.0081959296570812,0.0033275926278912,2,NORMAL,1.0,1.0,0.8,0.8,LIGHT_REDUCE,0.0133297096764032,-0.0075794330001814,0.0059326056002234,0.8084907913036786
2025-08-29,0.0069189305302004,0.0031202814712266,2,NORMAL,1.0,1.0,0.8,0.8,LIGHT_REDUCE,0.0059637093848583,-0.0004029502119626,0.006571642820494,0.807442916794933
2025-08-28,0.0067888047205013,0.0031202814712266,0,NORMAL,1.0,1.0,1.0,1.0,FULL_RISK_ON,0.0,0.0210368138447123,0.0075639657102848,0.8065957187512283
2025-08-27,0.00677841991686,0.0031202814712266,0,NORMAL,1.0,1.0,1.0,1.0,FULL_RISK_ON,0.0,0.0133519676249704,0.0076279013298677,0.8053624148803675
2025-08-26,0.0067797934426782,0.0031202814712266,0,NORMAL,1.0,1.0,1.0,1.0,FULL_RISK_ON,0.0002324859107735,0.0083619035301807,0.0076371728420287,0.8049579265333403
2025-08-25,0.00689043719542,0.0031202814712266,0,NORMAL,1.0,1.0,1.0,1.0,FULL_RISK_ON,0.0044010610261246,-0.001290301526157,0.0076303894057999,0.8034638329429719
2025-08-22,0.0067741411411002,0.0031202814712266,0,NORMAL,1.0,1.0,1.0,1.0,FULL_RISK_ON,0.0,0.0029063153113608,0.0075472172866673,0.803051038985541
2025-08-21,0.0107971526685444,0.0033275926278912,1,NORMAL,1.0,1.0,0.9,0.9,LIGHT_REDUCE,0.0145747434945653,-0.0145747434945653,0.0067781657543662,0.8027405167473659
2025-08-20,0.008692592245498,0.0033275926278912,1,NORMAL,1.0,1.0,0.9,0.9,LIGHT_REDUCE,0.0106055241467267,-0.0105135126208126,0.0067083493182839,0.8035272092114382
2025-08-19,0.0069900447687156,0.0031202814712266,2,NORMAL,1.0,1.0,0.8,0.8,LIGHT_REDUCE,0.0079696571678754,-0.0044811817016646,0.0069084171213206,0.8039685068742624
2025-08-18,0.006856263106367,0.0031202814712266,0,NORMAL,1.0,1.0,1.0,1.0,FULL_RISK_ON,0.0025582966896997,0.0116052943116151,0.0067510867221354,0.8044173076206439
2025-08-15,0.0068401664074748,0.0031202814712266,0,NORMAL,1.0,1.0,1.0,1.0,FULL_RISK_ON,0.0023412902366132,0.009824545651252,0.0067448535447427,0.804920819222504
2025-08-14,0.0067892607471549,0.0031202814712266,0,NORMAL,1.0,1.0,1.0,1.0,FULL_RISK_ON,0.0,0.0200869733225499,0.0067090109210866,0.8054323806277349
2025-08-13,0.0067856502437954,0.0031202814712266,0,NORMAL,1.0,1.0,1.0,1.0,FULL_RISK_ON,0.0,0.0191377974968627,0.0067844656900866,0.8055108711462805
2025-08-12,0.0068003127429178,0.0031202814712266,0,NORMAL,1.0,1.0,1.0,1.0,FULL_RISK_ON,0.0,0.023440599038943,0.0067833910143868,0.8054564920592262
2025-08-11,0.0068211247796895,0.0031202814712266,0,NORMAL,1.0,1.0,1.0,1.0,FULL_RISK_ON,0.0019774524562664,0.0075256882921763,0.0065584178393465,0.8052491144435064
2025-08-08,0.0068085928816618,0.0031202814712266,0,NORMAL,1.0,1.0,1.0,1.0,FULL_RISK_ON,0.0,0.0248665874354978,0.006526099657629,0.8049317883160602
2025-08-07,0.0069901781143748,0.0031202814712266,0,NORMAL,1.0,1.0,1.0,1.0,FULL_RISK_ON,0.0076125965063703,0.0002690119588926,0.0064038332932115,0.804996349299774
2025-08-06,0.0069603334071894,0.0031202814712266,0,NORMAL,1.0,1.0,1.0,1.0,FULL_RISK_ON,0.0067807019344101,-0.0026479065980166,0.006414921032906,0.8053134990502668
2025-08-05,0.0096078456047649,0.0033275926278912,2,NORMAL,1.0,1.0,0.8,0.8,LIGHT_REDUCE,0.0143305739369183,-0.0114756910137412,0.0063303681412107,0.8060571634917959
2025-08-04,0.0081321960621989,0.0033275926278912,0,NORMAL,1.0,1.0,1.0,1.0,FULL_RISK_ON,0.009307796077724,-0.0090589799860506,0.0061953632682889,0.8068976507848437
2025-08-01,0.0179197984685957,0.0033438041777753,2,NORMAL,1.0,1.0,0.8,0.8,LIGHT_REDUCE,0.0241407441515663,-0.0241407441515663,0.0054623920595822,0.8073919784288628
2025-07-31,0.0069753181636858,0.0031959252851737,0,NORMAL,1.0,1.0,1.0,1.0,FULL_RISK_ON,0.0078794887885489,-0.0036884159356598,0.0039329066566784,0.8078601969719756
2025-07-30,0.0068614891147994,0.0031959252851737,0,NORMAL,1.0,1.0,1.0,1.0,FULL_RISK_ON,0.0041437676460842,0.0003942259306581,0.0041200471487294,0.8087847737547528
2025-07-29,0.0068402638932818,0.0031959252851737,0,NORMAL,1.0,1.0,1.0,1.0,FULL_RISK_ON,0.0028880250057834,0.0101771831380494,0.0041471184853376,0.8095065056977693
2025-07-28,0.0067619027597644,0.0032850627299575,0,NORMAL,1.0,1.0,1.0,1.0,FULL_RISK_ON,0.0002510907174575,0.0129936301006567,0.0040594641729826,0.8103110690395436
2025-07-25,0.0067581124708038,0.0032850627133252,0,NORMAL,1.0,1.0,1.0,1.0,FULL_RISK_ON,0.0,0.0151693629847629,0.0040989895200271,0.8109134054207479
2025-07-24,0.0067468286207091,0.0032850627299575,0,NORMAL,1.0,1.0,1.0,1.0,FULL_RISK_ON,0.0,0.0101586081531983,0.0041256097309321,0.8105780148339723
2025-07-23,0.0067623929367642,0.0032850627299575,0,NORMAL,1.0,1.0,1.0,1.0,FULL_RISK_ON,0.0,0.01600399886084,0.0043190221595658,0.8102713357436312
2025-07-22,0.0067554879255277,0.0031959252851737,0,NORMAL,1.0,1.0,1.0,1.0,FULL_RISK_ON,0.0,0.0108014672306258,0.0040657470912657,0.8094436055367638
2025-07-21,0.0067514661916071,0.0031959252851737,0,NORMAL,1.0,1.0,1.0,1.0,FULL_RISK_ON,0.0,0.0063379623025299,0.0045362341545217,0.8080922695100469
2025-07-18,0.0067782314235655,0.0031959252851737,0,NORMAL,1.0,1.0,1.0,1.0,FULL_RISK_ON,0.0007323729567987,0.0063499575701564,0.0048361234006506,0.8071720818599561
2025-07-17,0.0067522287701309,0.0031959252851737,0,NORMAL,1.0,1.0,1.0,1.0,FULL_RISK_ON,0.0,0.0035473406911512,0.0049101426012225,0.8069429853863792
2025-07-16,0.0068254625550084,0.0031959252851737,0,NORMAL,1.0,1.0,1.0,1.0,FULL_RISK_ON,0.0025566551946594,0.0002563373659416,0.0048737471932685,0.8062835486364268
2025-07-15,0.0069330173197645,0.0031959252851737,0,NORMAL,1.0,1.0,1.0,1.0,FULL_RISK_ON,0.0058802579038801,0.0029015336904258,0.0048989785390432,0.8060731128722234
2025-07-14,0.0068138689152693,0.0031959252851737,0,NORMAL,1.0,1.0,1.0,1.0,FULL_RISK_ON,0.0016138364825525,0.0066540885690726,0.005273884282843,0.8058314137631166
2025-07-11,0.0068498685094575,0.0031202814712266,0,NORMAL,1.0,1.0,1.0,1.0,FULL_RISK_ON,0.0035152660221063,-0.0027505258343777,0.0055371679444907,0.8058477969739639
2025-07-10,0.0067489759898699,0.0031202814712266,0,NORMAL,1.0,1.0,1.0,1.0,FULL_RISK_ON,0.0,0.0007674379362299,0.0061908509865793,0.8059598393352608
2025-07-09,0.0068223498830325,0.0031202814712266,0,NORMAL,1.0,1.0,1.0,1.0,FULL_RISK_ON,0.0020469919780256,0.0058182641334409,0.0062046275546668,0.8063696648991684
2025-07-08,0.0070022602897054,0.0031202814712266,0,NORMAL,1.0,1.0,1.0,1.0,FULL_RISK_ON,0.007995666694774,0.0043552549089294,0.0062216468290221,0.8067261858520349
2025-07-07,0.0069781128014339,0.0031202814712266,2,NORMAL,1.0,1.0,0.8,0.8,LIGHT_REDUCE,0.0074521384454895,0.0045803703381726,0.0062650199471061,0.8069615120690108
2025-07-03,0.0067832302204632,0.0031202814712266,0,NORMAL,1.0,1.0,1.0,1.0,FULL_RISK_ON,0.0,0.0220145895124537,0.006107787531733,0.8077299492108547
2025-07-02,0.0067822312470825,0.0031202814712266,0,NORMAL,1.0,1.0,1.0,1.0,FULL_RISK_ON,0.0,0.0219561980148685,0.0062140075769981,0.808273513104794
2025-07-01,0.0067785911958015,0.0031202814712266,0,NORMAL,1.0,1.0,1.0,1.0,FULL_RISK_ON,0.0003235926031718,0.0179142923536355,0.0062112359021441,0.8085815326816062
2025-06-30,0.0067916163327835,0.0031202814712266,0,NORMAL,1.0,1.0,1.0,1.0,FULL_RISK_ON,0.0,0.0294925232563718,0.0062415179946746,0.8088260659818319
2025-06-27,0.006804201866942,0.0031202814712266,0,NORMAL,1.0,1.0,1.0,1.0,FULL_RISK_ON,0.0,0.0347141323383008,0.0062626027852787,0.8090996739490124
2025-06-26,0.0067901002049014,0.0031202814712266,0,NORMAL,1.0,1.0,1.0,1.0,FULL_RISK_ON,0.0,0.0271807956082199,0.0062733895497505,0.8092392963369596
2025-06-25,0.0068817670501324,0.0031202814712266,0,NORMAL,1.0,1.0,1.0,1.0,FULL_RISK_ON,0.0035622726731432,0.0192067207292043,0.0061419676063865,0.8093548866470326
2025-06-24,0.0069053553164829,0.0031202814712266,0,NORMAL,1.0,1.0,1.0,1.0,FULL_RISK_ON,0.0041203197441466,0.0184823722027198,0.0063685542175338,0.809375423368579
2025-06-23,0.0077131174280324,0.0031202814712266,0,NORMAL,1.0,1.0,1.0,1.0,FULL_RISK_ON,0.0150017842595463,-0.0012539510951922,0.0074246044946597,0.8093717773484349
2025-06-20,0.0091758959244874,0.0031202814712266,0,NORMAL,1.0,1.0,1.0,1.0,FULL_RISK_ON,0.0246358790717337,-0.0016133154002732,0.0071951951413576,0.8092774514872307
2025-06-18,0.0092850034227313,0.0033275926278912,0,NORMAL,1.0,1.0,1.0,1.0,FULL_RISK_ON,0.0223399168581396,-0.0065185800673204,0.0073842401176163,0.8094202976255479
2025-06-17,0.0101831586162866,0.0033275926278912,2,NORMAL,1.0,1.0,0.8,0.8,LIGHT_REDUCE,0.022192521504307,-0.009202744591527,0.0084234830720212,0.8094636319482222
2025-06-16,0.007558351814758,0.0031202814712266,0,NORMAL,1.0,1.0,1.0,1.0,FULL_RISK_ON,0.0137650939189493,0.0050026020676299,0.0082099571577047,0.8095305756819494
2025-06-13,0.0089014757650013,0.0031202814712266,2,NORMAL,1.0,1.0,0.8,0.8,LIGHT_REDUCE,0.0230597663476358,-0.0035716781276589,0.0079450469918326,0.8094646365658
2025-06-12,0.0073485356356868,0.0031202814712266,0,NORMAL,1.0,1.0,1.0,1.0,FULL_RISK_ON,0.0120140814448492,0.0180424020741143,0.0075737043332514,0.8095446078738638
2025-06-11,0.0078614683261432,0.0031202814712266,0,NORMAL,1.0,1.0,1.0,1.0,FULL_RISK_ON,0.0159251461309576,0.0091118053445551,0.0075943288436495,0.8095303733767341
2025-06-10,0.0074796911090791,0.0031202814712266,0,NORMAL,1.0,1.0,1.0,1.0,FULL_RISK_ON,0.0131104288408882,0.0117264785654234,0.0075346574271514,0.809547263081424
2025-06-09,0.0082676872662396,0.0031202814712266,0,NORMAL,1.0,1.0,1.0,1.0,FULL_RISK_ON,0.0186742760147762,0.0117593814641592,0.007565399887309,0.8095331926288721
2025-06-06,0.0271068056802738,0.0031202814712266,0,NORMAL,1.0,1.0,1.0,1.0,FULL_RISK_ON,0.0195579428968436,0.0165424378650558,0.010348086566735,0.8094533912971827
2025-06-05,0.0327550349909208,0.0031202814712266,0,NORMAL,1.0,1.0,1.0,1.0,FULL_RISK_ON,0.0295238031910338,0.0050842479299952,0.0102454619505129,0.8093824410271682
2025-06-04,0.0299920882781827,0.0031202814712266,0,NORMAL,1.0,1.0,1.0,1.0,FULL_RISK_ON,0.0248108795704398,0.0139518907615181,0.010142057379781,0.8092590124296795
2025-06-03,0.0297611655129605,0.0031202814712266,0,NORMAL,1.0,1.0,1.0,1.0,FULL_RISK_ON,0.0245490336889561,0.0083565738109863,0.0101140903496159,0.8090975873768039
2025-06-02,0.0333398870913288,0.0031202814712266,1,NORMAL,1.0,1.0,0.9,0.9,LIGHT_REDUCE,0.0300799360366628,0.0234844552892754,0.0104211159755758,0.8083465092101781
2025-05-30,0.0369648818435107,0.0031202814712266,1,NORMAL,1.0,1.0,0.9,0.9,LIGHT_REDUCE,0.035512910644161,0.0177514415458193,0.0105549877462671,0.8076394783654982
2025-05-29,0.0361112205702083,0.0031202814712266,1,NORMAL,1.0,1.0,0.9,0.9,LIGHT_REDUCE,0.0344329852868607,0.0119363939964525,0.0109035914551598,0.8069968437890521
2025-05-28,0.0388251890725269,0.0031202814712266,2,NORMAL,1.0,1.0,0.8,0.8,LIGHT_REDUCE,0.0382293979479101,0.0083555417534142,0.0109433550925661,0.8068898834343698
2025-05-27,0.0346800921882599,0.0031202814712266,1,NORMAL,1.0,1.0,0.9,0.9,LIGHT_REDUCE,0.0326329081939525,-0.0028674701647891,0.0107690481042314,0.8068894879499081
2025-05-23,0.1098744641328584,0.0033275926278912,2,NORMAL,1.0,1.0,0.8,0.8,LIGHT_REDUCE,0.052335324732215,-0.0253954846807514,0.0099830260855291,0.807469092247113
2025-05-22,0.0174997520587725,0.0033275926278912,1,NORMAL,1.0,1.0,0.9,0.9,LIGHT_REDUCE,0.0458224247674166,-0.0124818376374722,0.0097793020182537,0.8081184461769911
2025-05-21,0.0504987922869392,0.0033275926278912,2,NORMAL,1.0,1.0,0.8,0.8,LIGHT_REDUCE,0.0461989226739593,-0.0080500136264206,0.0105217139634493,0.8081055002055577
2025-05-20,0.0101152463377585,0.0031202814712266,0,NORMAL,1.0,1.0,1.0,1.0,FULL_RISK_ON,0.0298510349813604,0.0102412173511823,0.009538574996819,0.8081959116154571
2025-05-19,0.0310816009465701,0.0031202814712266,0,NORMAL,1.0,1.0,1.0,1.0,FULL_RISK_ON,0.0265782133345745,0.0203433368432937,0.0102677700165192,0.8077959037866423
2025-05-16,0.0321619668771901,0.0031202814712266,0,NORMAL,1.0,1.0,1.0,1.0,FULL_RISK_ON,0.02764181740184,0.0529113101004548,0.0123662825680395,0.8074548970829839
2025-05-15,0.0361089507150186,0.0031202814712266,1,NORMAL,1.0,1.0,0.9,0.9,LIGHT_REDUCE,0.0337619989187648,0.0449511239524285,0.0124421258563335,0.8074243300139707
2025-05-14,0.0395913097071979,0.0031202814712266,1,NORMAL,1.0,1.0,0.9,0.9,LIGHT_REDUCE,0.0384585005006202,0.0471175289148968,0.0124799300034931,0.8076750738178029
2025-05-13,0.0406224596102917,0.0031202814712266,1,NORMAL,1.0,1.0,0.9,0.9,LIGHT_REDUCE,0.039685821211753,0.0501790645673612,0.0139360027969126,0.8080589669379206
2025-05-12,0.0456191199130638,0.0031202814712266,1,NORMAL,1.0,1.0,0.9,0.9,LIGHT_REDUCE,0.0459860406625799,0.0345690593453091,0.0140190791477592,0.8084846283210997
2025-05-09,0.453784736106106,0.0031202814712266,1,NORMAL,0.8,1.0,0.9,0.7200000000000001,LIGHT_REDUCE,0.0765051402996226,-0.0042698884062976,0.0123463882306857,0.8089724392823829
2025-05-08,0.4466485180970603,0.0031202814712266,1,NORMAL,0.8,1.0,0.9,0.7200000000000001,LIGHT_REDUCE,0.0753270857047059,0.0118000545696577,0.0127443066442564,0.8091196343800787
2025-05-07,0.4968403346840893,0.0031202814712266,1,NORMAL,0.8,1.0,0.9,0.7200000000000001,LIGHT_REDUCE,0.0817253336444453,0.0119198742508999,0.0165665905158942,0.80887514742173
2025-05-06,0.5319319049685293,0.0033777253253566,2,NORMAL,0.6,1.0,0.8,0.48,REDUCE_TO_35_60,0.0855710124217107,0.0080819061863135,0.0285283399529746,0.8082963016113499
2025-05-05,0.4703864366213683,0.0033777253253566,2,NORMAL,0.8,1.0,0.8,0.6400000000000001,LIGHT_REDUCE,0.077863434325849,0.0229827028702924,0.0287716226121721,0.8081066023987861
2025-05-02,0.430566213950619,0.0033777253253566,1,NORMAL,0.8,1.0,0.9,0.7200000000000001,LIGHT_REDUCE,0.072545010994706,0.0292750383310353,0.0287007114031835,0.8081470397770313
2025-05-01,0.5390958149893922,0.0033777253253566,1,NORMAL,0.6,1.0,0.9,0.54,REDUCE_TO_35_60,0.0861110254747128,0.0215478378735709,0.0320270641883364,0.808340034058573
2025-04-30,0.5819748630786107,0.0033884086021418,1,NORMAL,0.6,1.0,0.9,0.54,REDUCE_TO_35_60,0.0925421174919295,0.0357103432796142,0.0340172979506269,0.8078188967505008
2025-04-29,0.5851812314706806,0.0033884086021418,1,NORMAL,0.6,1.0,0.9,0.54,REDUCE_TO_35_60,0.0929020926110295,0.0513418971277397,0.0340500212735447,0.8069660204398904
2025-04-28,0.5980620816342089,0.0033884086021418,1,NORMAL,0.6,1.0,0.9,0.54,REDUCE_TO_35_60,0.0985804910612727,0.0719428067586545,0.0340247387340829,0.8059635790047274
2025-04-25,0.594058655177895,0.0033884086021418,1,NORMAL,0.6,1.0,0.9,0.54,REDUCE_TO_35_60,0.0989240441416341,0.0460288887831088,0.0340601639500724,0.804683343959085
2025-04-24,0.6048544664731126,0.0033884086021418,1,NORMAL,0.6,1.0,0.9,0.54,REDUCE_TO_35_60,0.1053879802363282,0.0385251219293403,0.0343069931308005,0.8032694522724961
2025-04-23,0.6403705600400178,0.0033884086021418,1,NORMAL,0.6,1.0,0.9,0.54,REDUCE_TO_35_60,0.1238304334833884,0.0185671049045468,0.0339019866136209,0.8017727145068628
2025-04-22,0.8414982201604158,0.003678525815084,1,STRUCT_RISK,0.3,1.0,0.9,0.27,REDUCE_TO_15_35,0.1371998872420505,-0.0192703862906693,0.0336912964539999,0.7999564675772559
2025-04-21,0.7633055505599801,0.0029121121055473,3,STRUCT_RISK,0.3,1.0,0.7,0.21,REDUCE_TO_15_35,0.159078727656708,-0.0468169907277665,0.0329965253390798,0.7980676619518908
2025-04-17,0.6644022236036607,0.0033884086021418,1,NORMAL,0.6,1.0,0.9,0.54,REDUCE_TO_35_60,0.1385745025583118,0.003488403753951,0.0330665856461871,0.7945660838603144
2025-04-16,0.7289624267898561,0.0030561930328934,3,STRUCT_RISK,0.3,1.0,0.7,0.21,REDUCE_TO_15_35,0.1398018232694445,-0.0418505828815596,0.0330508206197115,0.7922763454775043
2025-04-15,0.6372134103254156,0.0033884086021418,1,NORMAL,0.6,1.0,0.9,0.54,REDUCE_TO_35_60,0.1202467013363106,0.0828430947036866,0.0328729717111196,0.7899193190949555
2025-04-14,0.6265446828461972,0.0033884086021418,1,NORMAL,0.6,1.0,0.9,0.54,REDUCE_TO_35_60,0.1177756378753065,0.0688765640760573,0.0329386382265302,0.7870590255922059
2025-04-11,0.6356449845450624,0.0129748138969069,1,NORMAL,0.6,1.0,0.9,0.54,REDUCE_TO_35_60,0.1262522308281765,0.0567210360819123,0.0329048068245785,0.7838591295761532
2025-04-10,0.5352107003084642,0.003678525815084,2,NORMAL,0.6,1.0,0.8,0.48,REDUCE_TO_35_60,0.1415690562848753,-0.0225823714134129,0.032999855791949,0.780398630652524
2025-04-09,0.5312592217520361,0.0139769333107345,2,NORMAL,0.6,1.0,0.8,0.48,REDUCE_TO_35_60,0.1022296091171934,-0.0281654657859977,0.0316343672051212,0.7770602601285751
2025-04-08,0.7835158690646272,0.0033275135266305,3,STRUCT_RISK,0.3,1.0,0.7,0.21,REDUCE_TO_15_35,0.1875523767324495,-0.1149615950336615,0.0198064418876879,0.7727713899242893
2025-04-07,0.7625685886890071,0.0033275135266305,3,STRUCT_RISK,0.3,1.0,0.7,0.21,REDUCE_TO_15_35,0.1746246556661171,-0.0983391551629675,0.0196717347366491,0.7736612897716469
2025-04-04,0.7663704705758612,0.0033468980335737,3,STRUCT_RISK,0.3,1.0,0.7,0.21,REDUCE_TO_15_35,0.1731519111122395,-0.090666949278553,0.0202391896347473,0.7758814426591314
2025-04-03,0.676577321073899,0.0027138351979545,3,NORMAL,0.6,1.0,0.7,0.42,REDUCE_TO_35_60,0.1217357671802231,-0.0535727313864644,0.0161786956066608,0.7823883600116547
2025-04-02,0.463828117926684,0.0033275926278912,1,NORMAL,0.8,1.0,0.9,0.7200000000000001,LIGHT_REDUCE,0.0762106518380694,-0.0071581469940882,0.0125594757859892,0.7804063841244505
2025-04-01,0.4390539610907729,0.0033275926278912,2,NORMAL,0.8,1.0,0.8,0.6400000000000001,LIGHT_REDUCE,0.0820199228547023,-0.0251799065298076,0.0127399865482613,0.7751295045488671
2025-03-31,0.4543583008684493,0.0033275926278912,2,NORMAL,0.8,1.0,0.8,0.6400000000000001,LIGHT_REDUCE,0.0846055375920616,-0.0255888720086669,0.0129187017498036,0.7696929132999522
2025-03-28,0.6976133091211875,0.0033275926278912,2,NORMAL,0.6,1.0,0.8,0.48,REDUCE_TO_35_60,0.0907092970702478,-0.0147521890522878,0.0132015599658113,0.7634317283866535
2025-03-27,0.3976421542705718,0.0031202814712266,1,NORMAL,0.8,1.0,0.9,0.7200000000000001,LIGHT_REDUCE,0.0720214199804426,0.0058283686148032,0.013194865722876,0.7574489645398514
2025-03-26,0.3818859267263413,0.0031202814712266,2,NORMAL,0.8,1.0,0.8,0.6400000000000001,LIGHT_REDUCE,0.0695503565194385,0.0055904785797225,0.013594842921764,0.7522811844671805
2025-03-25,0.322973893202158,0.0031202814712266,1,NORMAL,0.8,1.0,0.9,0.7200000000000001,LIGHT_REDUCE,0.0583082116440113,0.0288245630410528,0.0133989732014337,0.7486012952478368
2025-03-24,0.3325206362154322,0.0031202814712266,1,NORMAL,0.8,1.0,0.9,0.7200000000000001,LIGHT_REDUCE,0.0605664938423399,0.0152639282569566,0.0133911808004354,0.7489774599905683
2025-03-21,0.4263739101589376,0.0031202814712266,1,NORMAL,0.8,1.0,0.9,0.7200000000000001,LIGHT_REDUCE,0.0770944194688407,0.0050932346110417,0.0125737022450348,0.7498269069680451
2025-03-20,0.4296687609379859,0.0031202814712266,1,NORMAL,0.8,1.0,0.9,0.7200000000000001,LIGHT_REDUCE,0.077398680554674,0.0255159131356776,0.012939852945942,0.7496325213259001
2025-03-19,0.410644858535794,0.0031202814712266,1,NORMAL,0.8,1.0,0.9,0.7200000000000001,LIGHT_REDUCE,0.0747230972247157,0.0147797054843137,0.0129386238228499,0.7495819520411241
2025-03-18,0.4763142096279391,0.0031202814712266,2,NORMAL,0.8,1.0,0.8,0.6400000000000001,LIGHT_REDUCE,0.0846915769852079,0.0091740326965639,0.0125640269063708,0.7483236367402752
2025-03-17,0.4025107053577739,0.0031202814712266,1,NORMAL,0.8,1.0,0.9,0.7200000000000001,LIGHT_REDUCE,0.0746903538959422,0.0117199496802138,0.0125607332637981,0.7466855481149369
2025-03-14,0.4018591105296661,0.0033275926278912,2,NORMAL,0.8,1.0,0.8,0.6400000000000001,LIGHT_REDUCE,0.0817711743047281,-0.0227635628593044,0.012313242650722,0.7453142467536118
2025-03-13,0.5925407858997256,0.0033275926278912,3,NORMAL,0.6,1.0,0.7,0.42,REDUCE_TO_35_60,0.1003539704963465,-0.0371740614187271,0.0109309887600129,0.7442384428060842
2025-03-12,0.5615557020880247,0.0033275926278912,3,NORMAL,0.6,1.0,0.7,0.42,REDUCE_TO_35_60,0.0881992438608273,-0.041487925832474,0.0112677101885157,0.7445581937971177
2025-03-11,0.5793858564205697,0.0033275926278912,3,NORMAL,0.6,1.0,0.7,0.42,REDUCE_TO_35_60,0.0930123116931161,-0.0363000885824927,0.0110660259887888,0.7443217209192601
2025-03-10,0.543137770202616,0.0033275926278912,3,NORMAL,0.6,1.0,0.7,0.42,REDUCE_TO_35_60,0.0854093107519218,-0.0397244441567194,0.0110740175275681,0.7440503129328396
2025-03-07,0.1397695017050205,0.0033275926278912,3,NORMAL,1.0,1.0,0.7,0.7,LIGHT_REDUCE,0.0603821237141695,-0.0307314905386085,0.0098955553530937,0.7433982940313223
2025-03-06,0.1150235706737416,0.0033275926278912,2,NORMAL,1.0,1.0,0.8,0.8,LIGHT_REDUCE,0.0656192428412504,-0.0210922249705041,0.0098437745729093,0.7422429035486533
2025-03-05,0.0230877687778259,0.0033275926278912,1,NORMAL,1.0,1.0,0.9,0.9,LIGHT_REDUCE,0.0487331555723201,-0.0193089236675155,0.0092749395920348,0.7413170227045237
2025-03-04,0.130738799343947,0.0033275926278912,2,NORMAL,1.0,1.0,0.8,0.8,LIGHT_REDUCE,0.0588484261944212,-0.0292474590108057,0.0089143920214185,0.7419078459114546
2025-03-03,0.010912921066986,0.0033275926278912,2,NORMAL,1.0,1.0,0.8,0.8,LIGHT_REDUCE,0.0475747469746675,-0.0225045336020096,0.008809384035873,0.7417767843843064
2025-02-28,0.011978094547216,0.0033275926278912,1,NORMAL,1.0,1.0,0.9,0.9,LIGHT_REDUCE,0.0305907319655286,-0.0096010129970894,0.0080517244883428,0.7421197364580453
2025-02-27,0.0169248165587057,0.0033275926278912,2,NORMAL,1.0,1.0,0.8,0.8,LIGHT_REDUCE,0.045486427839849,-0.0414987588513284,0.0071422771967098,0.7469651232523389
2025-02-26,0.010756459386835,0.0033275926278912,2,NORMAL,1.0,1.0,0.8,0.8,LIGHT_REDUCE,0.0300035685190928,-0.0300035685190928,0.0064525579971109,0.7488262385716183
2025-02-25,0.0102133773252172,0.0033275926278912,2,NORMAL,1.0,1.0,0.8,0.8,LIGHT_REDUCE,0.03049280422532,-0.0282097199588744,0.0065042943197373,0.7532882021186513
2025-02-24,0.0166116984949207,0.0033275926278912,2,NORMAL,1.0,1.0,0.8,0.8,LIGHT_REDUCE,0.0256473960590734,-0.0204854893142458,0.0067528461010382,0.7577694049733747
2025-02-21,0.0130718397360502,0.0033275926278912,2,NORMAL,1.0,1.0,0.8,0.8,LIGHT_REDUCE,0.0211931951101415,-0.0160076909840085,0.0073918519595014,0.7613316168169368
2025-02-20,0.0070459549946833,0.0031202814712266,0,NORMAL,1.0,1.0,1.0,1.0,FULL_RISK_ON,0.0041603169796021,0.0010660464705516,0.0063336135422524,0.7644717925879361
2025-02-19,0.0069389122673091,0.0031202814712266,0,NORMAL,1.0,1.0,1.0,1.0,FULL_RISK_ON,0.0,0.0158611793962588,0.0063605459252015,0.7672714047669972
2025-02-18,0.0069129037895586,0.0031202814712266,0,NORMAL,1.0,1.0,1.0,1.0,FULL_RISK_ON,0.0,0.0102095530738226,0.0064505968386109,0.7701559775083086
2025-02-14,0.0068970380745781,0.0031202814712266,0,NORMAL,1.0,1.0,1.0,1.0,FULL_RISK_ON,8.213331928996759e-05,0.0148640578408165,0.0067079465958198,0.777726905376735
2025-02-13,0.0068623590979623,0.0031202814712266,0,NORMAL,1.0,1.0,1.0,1.0,FULL_RISK_ON,3.281281806410963e-05,0.0056240957891846,0.0069960320543108,0.7818369556213499
2025-02-12,0.0072019872562247,0.0031202814712266,0,NORMAL,1.0,1.0,1.0,1.0,FULL_RISK_ON,0.0104797456804052,-0.0014233536284121,0.0066987501446467,0.7856744689964774
2025-02-11,0.0070561245620455,0.0031202814712266,0,NORMAL,1.0,1.0,1.0,1.0,FULL_RISK_ON,0.007281609934587,0.0058660099280409,0.0076480465826327,0.7887321104559446
2025-02-10,0.0070868226871409,0.0031202814712266,0,NORMAL,1.0,1.0,1.0,1.0,FULL_RISK_ON,0.0080361022018008,0.0118439848482281,0.0076441331910624,0.7916674809452875
2025-02-07,0.0077352611575049,0.0031202814712266,2,NORMAL,1.0,1.0,0.8,0.8,LIGHT_REDUCE,0.0147272839594944,-0.0017446538104263,0.0075608957036945,0.7943840795641072
2025-02-06,0.0069647243636147,0.0031202814712266,0,NORMAL,1.0,1.0,1.0,1.0,FULL_RISK_ON,0.0056252715412605,0.0021155517034896,0.008127151056501,0.796849741231928
2025-02-05,0.0070700371852738,0.0031202814712266,0,NORMAL,1.0,1.0,1.0,1.0,FULL_RISK_ON,0.0090693008742995,0.0040046749254278,0.0081184858281231,0.7994662203971452
2025-02-04,0.0074764042200208,0.0031202814712266,0,NORMAL,1.0,1.0,1.0,1.0,FULL_RISK_ON,0.0130709455661679,-0.0045325111732003,0.0080922707610655,0.8011511792579307
2025-02-03,0.0084152912905484,0.0031202814712266,2,NORMAL,1.0,1.0,0.8,0.8,LIGHT_REDUCE,0.0196473837347671,-0.0026694558410599,0.0084346079472323,0.8027814388845627
2025-01-31,0.0089468187245068,0.0033275926278912,2,NORMAL,1.0,1.0,0.8,0.8,LIGHT_REDUCE,0.0130053199300398,-0.0101155223920619,0.008353749172616,0.8042419268083405
2025-01-30,0.0076981498847408,0.0033275926278912,0,NORMAL,1.0,1.0,1.0,1.0,FULL_RISK_ON,0.007724481704322,-0.007724481704322,0.0086065206691638,0.8055418554760381
2025-01-29,0.0081767601296401,0.0033275926278912,0,NORMAL,1.0,1.0,1.0,1.0,FULL_RISK_ON,0.0130218276132016,-0.0076348781116896,0.0086113476547325,0.8065946524605023
2025-01-28,0.0070193304318502,0.0031202814712266,0,NORMAL,1.0,1.0,1.0,1.0,FULL_RISK_ON,0.0085773111515982,0.0024377181745478,0.0085089797623319,0.8068158954792165
2025-01-27,0.0080142558891645,0.0031202814712266,2,NORMAL,1.0,1.0,0.8,0.8,LIGHT_REDUCE,0.0170233710309402,0.0029953151312085,0.0084178330941384,0.8062240847334421
2025-01-24,0.0068710527499636,0.0031202814712266,0,NORMAL,1.0,1.0,1.0,1.0,FULL_RISK_ON,0.0029193280664033,0.0173865921981681,0.0081782138029659,0.8052325101017447
2025-01-23,0.0068197609946203,0.0031202814712266,0,NORMAL,1.0,1.0,1.0,1.0,FULL_RISK_ON,0.0,0.0306099028704867,0.0085441723539274,0.8035158307264846
2025-01-22,0.0067993904470683,0.0031202814712266,0,NORMAL,1.0,1.0,1.0,1.0,FULL_RISK_ON,0.0,0.0230439858570048,0.0084718731991481,0.8037188279502524
2025-01-21,0.006969914960231,0.0031202814712266,0,NORMAL,1.0,1.0,1.0,1.0,FULL_RISK_ON,0.0044922616847429,0.0358301918552905,0.0083844042824754,0.803816337488027
2025-01-17,0.0076055657520245,0.0031202814712266,0,NORMAL,1.0,1.0,1.0,1.0,FULL_RISK_ON,0.0135218422309704,0.0294407936378593,0.0086001374698024,0.8043332766046613
2025-01-16,0.008996741537797,0.0031202814712266,0,NORMAL,1.0,1.0,1.0,1.0,FULL_RISK_ON,0.0233276906525115,0.0036471427136288,0.0087246766140021,0.8046941406511317
2025-01-15,0.0087105330962634,0.0031202814712266,0,NORMAL,1.0,1.0,1.0,1.0,FULL_RISK_ON,0.0214456870393744,0.0055811256174378,0.0087068134372154,0.8050961386694526
2025-01-14,0.0488631760569657,0.0033275926278912,1,NORMAL,1.0,1.0,0.9,0.9,LIGHT_REDUCE,0.0389276677365537,-0.0109408375442462,0.010143911355692,0.8053057661332765
2025-01-13,0.0409311642001577,0.0033275926278912,2,NORMAL,1.0,1.0,0.8,0.8,LIGHT_REDUCE,0.0402481896087548,-0.0234648088544522,0.0101322296783572,0.806589342974534
2025-01-10,0.0703556737909339,0.0033275926278912,2,NORMAL,1.0,1.0,0.8,0.8,LIGHT_REDUCE,0.0417339551087804,-0.019359710092042,0.0101992715910288,0.8078566749412773
2025-01-08,0.0095767468180942,0.0031202814712266,0,NORMAL,1.0,1.0,1.0,1.0,FULL_RISK_ON,0.0268768098050941,0.0058183212055529,0.0097344024439581,0.8090728570098005
2025-01-07,0.009814254871621,0.0031202814712266,2,NORMAL,1.0,1.0,0.8,0.8,LIGHT_REDUCE,0.0282964166904015,0.0043510181666994,0.0099266179035801,0.8090414581277207
2025-01-06,0.0080620103034365,0.0031202814712266,0,NORMAL,1.0,1.0,1.0,1.0,FULL_RISK_ON,0.0171866625048242,0.0121384245463982,0.0096428396907736,0.8089275167029405
2025-01-03,0.0089333533096803,0.0031202814712266,0,NORMAL,1.0,1.0,1.0,1.0,FULL_RISK_ON,0.0228159552967565,-0.0051428608790438,0.0095745790248934,0.8082381608249091
2025-01-02,0.0106970215966985,0.0033275926278912,2,NORMAL,1.0,1.0,0.8,0.8,LIGHT_REDUCE,0.0348832254577533,-0.0277714109673444,0.0090608283770695,0.8074126664581436
2024-12-31,0.0093522656151692,0.0033275926278912,2,NORMAL,1.0,1.0,0.8,0.8,LIGHT_REDUCE,0.0325060006577124,-0.0253118096172347,0.0092214358414186,0.806077299565384
2024-12-30,0.0122271035196203,0.0033275926278912,2,NORMAL,1.0,1.0,0.8,0.8,LIGHT_REDUCE,0.0289733956739809,-0.0108797109459912,0.0092120477898021,0.8068762683573778
2024-12-27,0.0081263357303212,0.0031202814712266,2,NORMAL,1.0,1.0,0.8,0.8,LIGHT_REDUCE,0.0177644545359834,0.0065296247722106,0.0089008035886229,0.8066709548522796
2024-12-26,0.0070426427219225,0.0031202814712266,0,NORMAL,1.0,1.0,1.0,1.0,FULL_RISK_ON,0.0073149612865067,0.0294555588221581,0.0086851795852008,0.8062721151238992
2024-12-24,0.0069905058275282,0.0031202814712266,0,NORMAL,1.0,1.0,1.0,1.0,FULL_RISK_ON,0.007381017961911,-0.0015987991319544,0.0087192260485242,0.8039521808390462
2024-12-23,0.0124296411130894,0.0033275926278912,1,NORMAL,1.0,1.0,0.9,0.9,LIGHT_REDUCE,0.0182927040605894,-0.0166424068712317,0.0084277266977759,0.8029084643117792
2024-12-20,0.0146666561122137,0.0033275926278912,1,NORMAL,1.0,1.0,0.9,0.9,LIGHT_REDUCE,0.0241364771689577,-0.0183219174921505,0.0083496830727958,0.8013584385252124
2024-12-19,0.0118841623469053,0.0033275926278912,2,NORMAL,1.0,1.0,0.8,0.8,LIGHT_REDUCE,0.0357184142564984,-0.0301658034976645,0.0078908441295375,0.8014048991609556
2024-12-18,0.0140067180218252,0.0033275926278912,2,NORMAL,1.0,1.0,0.8,0.8,LIGHT_REDUCE,0.0354222805496323,-0.0348666018639122,0.0080036130587106,0.8020455532582739
2024-12-17,0.0069439449185512,0.0031959252851737,0,NORMAL,1.0,1.0,1.0,1.0,FULL_RISK_ON,0.0057914782403398,0.0024716054714926,0.0039953725331238,0.8025920743576886
2024-12-16,0.0068222735443175,0.0031959252851737,0,NORMAL,1.0,1.0,1.0,1.0,FULL_RISK_ON,0.0016782269246601,0.003489410703148,0.003827318592113,0.802665290943711
2024-12-13,0.0071665640693234,0.0031959252851737,0,NORMAL,1.0,1.0,1.0,1.0,FULL_RISK_ON,0.0059230818945787,-0.0059230818945787,0.0038210873742261,0.8026930692644227
2024-12-12,0.006929423190244,0.0031959252851737,2,NORMAL,1.0,1.0,0.8,0.8,LIGHT_REDUCE,0.0057253196256217,-0.0038403888554574,0.00498847230043,0.8025306374134513
2024-12-11,0.0067787806080745,0.0031959252851737,0,NORMAL,1.0,1.0,1.0,1.0,FULL_RISK_ON,0.0005757532448812,-0.0003289374402998,0.0050778300466381,0.8029868792237871
2024-12-10,0.0070057385232114,0.0031959252851737,0,NORMAL,1.0,1.0,1.0,1.0,FULL_RISK_ON,0.0082427109822689,-0.0018380365112128,0.0048138373209895,0.8042810810650788
2024-12-09,0.0069114109135257,0.0031959252851737,2,NORMAL,1.0,1.0,0.8,0.8,LIGHT_REDUCE,0.0051496683200543,0.0017395286982717,0.0048137313540203,0.8049181055864588
2024-12-06,0.0067646793812927,0.0031959252851737,0,NORMAL,1.0,1.0,1.0,1.0,FULL_RISK_ON,0.0,0.0087295822337463,0.0046263246083115,0.8056396978013493
2024-12-05,0.0068186595584259,0.0031959252851737,0,NORMAL,1.0,1.0,1.0,1.0,FULL_RISK_ON,0.0016457068463852,0.0130754579700571,0.0046881157049808,0.8068940253386079
2024-12-04,0.0067712230295762,0.0031959252851737,0,NORMAL,1.0,1.0,1.0,1.0,FULL_RISK_ON,0.0,0.0147454314739721,0.0048819037144182,0.8078120579043994
2024-12-03,0.0067479866845863,0.0031202814712266,0,NORMAL,1.0,1.0,1.0,1.0,FULL_RISK_ON,0.0,0.0054274726565857,0.0071191789027788,0.8084638693357643
2024-12-02,0.0067599076344167,0.0031202814712266,0,NORMAL,1.0,1.0,1.0,1.0,FULL_RISK_ON,0.0,0.0102085848754915,0.0074267668975692,0.8080048960946075
2024-11-29,0.0067641464231963,0.0031202814712266,0,NORMAL,1.0,1.0,1.0,1.0,FULL_RISK_ON,0.0,0.0118217812016385,0.0075100677367002,0.8078084713317099
2024-11-27,0.0068627524986358,0.0031202814712266,0,NORMAL,1.0,1.0,1.0,1.0,FULL_RISK_ON,0.0030301626777003,0.0141066748426244,0.0089710356395747,0.8073959932351167
2024-11-26,0.0067811988317476,0.0031202814712266,0,NORMAL,1.0,1.0,1.0,1.0,FULL_RISK_ON,0.0,0.0175335677370178,0.0089709025494644,0.8066543952131381
2024-11-25,0.0068419584641779,0.0031202814712266,0,NORMAL,1.0,1.0,1.0,1.0,FULL_RISK_ON,0.002054079940859,0.0159483505584172,0.0089312064174923,0.8064130246963578
2024-11-22,0.0069554505252993,0.0031202814712266,0,NORMAL,1.0,1.0,1.0,1.0,FULL_RISK_ON,0.0054277380885611,0.0166624355280249,0.0089280303652072,0.8059281880347376
2024-11-21,0.0070227556010313,0.0031202814712266,0,NORMAL,1.0,1.0,1.0,1.0,FULL_RISK_ON,0.0085007865522231,0.0005394523337056,0.0089275845312338,0.8052813016346513
2024-11-20,0.009434833197431,0.0033275926278912,1,NORMAL,1.0,1.0,0.9,0.9,LIGHT_REDUCE,0.0137951387947506,-0.011202430290231,0.0088787512808752,0.8046237237572433
2024-11-19,0.0094509199237662,0.0033275926278912,1,NORMAL,1.0,1.0,0.9,0.9,LIGHT_REDUCE,0.0141291725503726,-0.0110571510872019,0.009170053418314,0.8037576795413085
2024-11-18,0.0127837639691243,0.0033275926278912,1,NORMAL,1.0,1.0,0.9,0.9,LIGHT_REDUCE,0.0177198284631114,-0.0177198284631114,0.0091452217661045,0.8028496303552634
2024-11-15,0.0153044783318174,0.0033275926278912,2,NORMAL,1.0,1.0,0.8,0.8,LIGHT_REDUCE,0.0217281300504754,-0.0207960126345293,0.0091139342182067,0.8018511102664226
2024-11-14,0.0070397155788679,0.0031202814712266,2,NORMAL,1.0,1.0,0.8,0.8,LIGHT_REDUCE,0.0090353647373354,-0.0037945022576539,0.0086159888609952,0.8007249523355863
2024-11-13,0.0068685814664215,0.0031202814712266,0,NORMAL,1.0,1.0,1.0,1.0,FULL_RISK_ON,0.0026220821975529,0.0104052815056518,0.0084428441390417,0.7995882204461232
2024-11-12,0.006935403605641,0.0031202814712266,0,NORMAL,1.0,1.0,1.0,1.0,FULL_RISK_ON,0.0031063690551459,0.0350268601432133,0.008467418053784,0.7990294296723509
2024-11-11,0.0068774699546301,0.0031202814712266,0,NORMAL,1.0,1.0,1.0,1.0,FULL_RISK_ON,0.0,0.0508063106048677,0.0086626182657763,0.7984860784152502
2024-11-08,0.0068720350583525,0.0031202814712266,0,NORMAL,1.0,1.0,1.0,1.0,FULL_RISK_ON,0.0,0.047544743513346,0.0087988805173117,0.7980669762412954
2024-11-07,0.0068823310303263,0.0031202814712266,0,NORMAL,1.0,1.0,1.0,1.0,FULL_RISK_ON,0.0,0.0474289932021236,0.0088334932115734,0.7975406512985569
2024-11-06,0.006833726375937,0.0031202814712266,0,NORMAL,1.0,1.0,1.0,1.0,FULL_RISK_ON,0.0,0.0190168228452272,0.008746793160525,0.7966838935749475
2024-11-05,0.0086371142475641,0.0033275926278912,0,NORMAL,1.0,1.0,1.0,1.0,FULL_RISK_ON,0.0134968733439321,-0.008714960542036,0.006925258995713,0.7953124436619667
2024-11-04,0.0153603796501925,0.0033275926278912,1,NORMAL,1.0,1.0,0.9,0.9,LIGHT_REDUCE,0.0252828828828828,-0.0189729083109441,0.0067115433912969,0.7937251894711959
2024-11-01,0.0123384081560677,0.0033275926278912,1,NORMAL,1.0,1.0,0.9,0.9,LIGHT_REDUCE,0.0231788023317435,-0.0138157485023148,0.0070086381033092,0.792604368827823
2024-10-31,0.0155483812392399,0.0033275926278912,2,NORMAL,1.0,1.0,0.8,0.8,LIGHT_REDUCE,0.0272843667196608,-0.0182999645296455,0.007248598162799,0.791208115225823
2024-10-30,0.0070659816540307,0.0031202814712266,0,NORMAL,1.0,1.0,1.0,1.0,FULL_RISK_ON,0.0078346581875993,0.0034948895200266,0.0056106121954353,0.7899398343847782
2024-10-29,0.0069680721295003,0.0031202814712266,0,NORMAL,1.0,1.0,1.0,1.0,FULL_RISK_ON,0.0048239533651298,-0.0026570712563522,0.0055333140963496,0.7875989051719119
2024-10-28,0.0070275998574323,0.0031202814712266,0,NORMAL,1.0,1.0,1.0,1.0,FULL_RISK_ON,0.0064320084790673,-0.0047975981752756,0.0059748507598247,0.7847964267430054
2024-10-25,0.0083772329190019,0.0033275926278912,0,NORMAL,1.0,1.0,1.0,1.0,FULL_RISK_ON,0.0094942236354,-0.0094942236354,0.0059981701305319,0.7817081785154615
2024-10-24,0.0072278368782619,0.0031202814712266,0,NORMAL,1.0,1.0,1.0,1.0,FULL_RISK_ON,0.0091518812930577,-0.0053403370307734,0.0060131365925659,0.7783275212287671
2024-10-23,0.0079935361718991,0.0033275926278912,2,NORMAL,1.0,1.0,0.8,0.8,LIGHT_REDUCE,0.01129009009009,-0.0074015448756431,0.0060508515717236,0.776654158520662
2024-10-22,0.0069504676991231,0.0031202814712266,0,NORMAL,1.0,1.0,1.0,1.0,FULL_RISK_ON,0.0021726550079491,0.0061057774051183,0.0056418081350721,0.7762292564101643
2024-10-21,0.0069172781746119,0.0031202814712266,0,NORMAL,1.0,1.0,1.0,1.0,FULL_RISK_ON,0.0016422893481716,-0.0011809376286364,0.005642552361539,0.775571322276095
2024-10-18,0.0068912556661961,0.0031202814712266,0,NORMAL,1.0,1.0,1.0,1.0,FULL_RISK_ON,0.0,0.0086445164696093,0.0056076180194501,0.7748625414687061
2024-10-17,0.0070044344579393,0.0031202814712266,0,NORMAL,1.0,1.0,1.0,1.0,FULL_RISK_ON,0.0033716686520387,0.0107960911368314,0.0056199031671536,0.7741484872313608
2024-10-16,0.0070091461134753,0.0031202814712266,0,NORMAL,1.0,1.0,1.0,1.0,FULL_RISK_ON,0.0034572407689741,0.0089405426377644,0.0066397945911463,0.7728094135690496
2024-10-15,0.0071491862812075,0.0031202814712266,2,NORMAL,1.0,1.0,0.8,0.8,LIGHT_REDUCE,0.0077698845953435,0.0115324445197781,0.0067049990779125,0.771758278302714
2024-10-14,0.0069538795223784,0.0031202814712266,0,NORMAL,1.0,1.0,1.0,1.0,FULL_RISK_ON,0.0,0.0290949982076633,0.0063405222977379,0.7706165936557273
2024-10-11,0.0069184306296649,0.0031202814712266,0,NORMAL,1.0,1.0,1.0,1.0,FULL_RISK_ON,0.0,0.0115187512631631,0.0061743248620197,0.7695942485284455
2024-10-10,0.0069858761173153,0.0031202814712266,0,NORMAL,1.0,1.0,1.0,1.0,FULL_RISK_ON,0.0017500184384802,0.014634990547053,0.0061487450492593,0.7680663698387062
2024-10-09,0.006942191564778,0.0031202814712266,0,NORMAL,1.0,1.0,1.0,1.0,FULL_RISK_ON,0.0,0.0145555178816361,0.0062702232507225,0.7660023264734211
2024-10-08,0.006975625714433,0.0031202814712266,0,NORMAL,1.0,1.0,1.0,1.0,FULL_RISK_ON,0.0010282708613609,0.0080018532786894,0.0064447736117339,0.7639825849907089
2024-10-07,0.008826012321363,0.0033275926278912,2,NORMAL,1.0,1.0,0.8,0.8,LIGHT_REDUCE,0.0103875658921626,-0.0103875658921626,0.0062465130272552,0.7617593570049455
2024-10-04,0.0069921674014306,0.0031202814712266,0,NORMAL,1.0,1.0,1.0,1.0,FULL_RISK_ON,0.0013594729966049,0.0026422365138871,0.0059814174940087,0.7594837206268824
2024-10-03,0.0080807073461588,0.0033275926278912,0,NORMAL,1.0,1.0,1.0,1.0,FULL_RISK_ON,0.0103526854586172,-0.0078281678930139,0.0072831103107182,0.756713964141188
2024-10-02,0.0072330535607894,0.0031202814712266,0,NORMAL,1.0,1.0,1.0,1.0,FULL_RISK_ON,0.0085400907927966,-0.0020700708943576,0.0073002205500666,0.7538954292727672
2024-10-01,0.007248660037115,0.0031202814712266,2,NORMAL,1.0,1.0,0.8,0.8,LIGHT_REDUCE,0.008958440017425,-0.0046911752329373,0.0073451218226261,0.7507911319326926
2024-09-30,0.0068957504350795,0.0031202814712266,0,NORMAL,1.0,1.0,1.0,1.0,FULL_RISK_ON,0.0,0.0071795293465573,0.0085840930183809,0.7469828944840297
2024-09-27,0.0067849662777923,0.0031202814712266,0,NORMAL,1.0,1.0,1.0,1.0,FULL_RISK_ON,0.0014504185719401,0.0056664948985298,0.0085587804277133,0.7423434804981183
2024-09-26,0.0066708603389184,0.0031202814712266,0,NORMAL,1.0,1.0,1.0,1.0,FULL_RISK_ON,0.0,0.0053862129319615,0.0087525709172467,0.7402670213288864
2024-09-25,0.0068968101006335,0.0031202814712266,0,NORMAL,1.0,1.0,1.0,1.0,FULL_RISK_ON,0.0022055193512198,0.0185045614886545,0.0087362545339754,0.7443162884003789
2024-09-24,0.0070154542949231,0.0031202814712266,0,NORMAL,1.0,1.0,1.0,1.0,FULL_RISK_ON,0.0,0.0177284791442187,0.0088471484539065,0.7502085378638172
2024-09-23,0.0069859904949251,0.0031202814712266,0,NORMAL,1.0,1.0,1.0,1.0,FULL_RISK_ON,0.0,0.0152394192477296,0.0088373710156147,0.7559220482665062
2024-09-20,0.0070132214711929,0.0031202814712266,0,NORMAL,1.0,1.0,1.0,1.0,FULL_RISK_ON,0.0017287170355148,0.0142042906695922,0.0088605086726074,0.7610664341222383
2024-09-19,0.0069595186857012,0.0031202814712266,0,NORMAL,1.0,1.0,1.0,1.0,FULL_RISK_ON,0.0,0.021266699926455,0.0091071122234984,0.7656544062722261
2024-09-18,0.0071105234145552,0.0031202814712266,0,NORMAL,1.0,1.0,1.0,1.0,FULL_RISK_ON,0.0061255259146836,0.012589810716775,0.0085300654518476,0.7696814624763081
2024-09-17,0.0070362127418102,0.0031202814712266,0,NORMAL,1.0,1.0,1.0,1.0,FULL_RISK_ON,0.0031691039268699,0.0260208271258859,0.008528922116458,0.7720455800770459
2024-09-16,0.007044577499612,0.0031202814712266,0,NORMAL,1.0,1.0,1.0,1.0,FULL_RISK_ON,0.0035763133714884,0.0300689595242125,0.0085412452223063,0.774610821774458
2024-09-13,0.0071087161606209,0.0031202814712266,0,NORMAL,1.0,1.0,1.0,1.0,FULL_RISK_ON,0.0050456121889527,0.0400658854889406,0.0087865280054596,0.7777377751365354
2024-09-12,0.0072358235333464,0.0031202814712266,0,NORMAL,1.0,1.0,1.0,1.0,FULL_RISK_ON,0.0102150046062748,0.0172487411956063,0.0087313598383492,0.7805942333390471
2024-09-11,0.0083614080216969,0.0031202814712266,0,NORMAL,1.0,1.0,1.0,1.0,FULL_RISK_ON,0.0184826436464048,0.0062982289763202,0.0093399680439734,0.783008437624554
2024-09-10,0.0103081102726026,0.0031202814712266,0,NORMAL,1.0,1.0,1.0,1.0,FULL_RISK_ON,0.028449647688462,-0.0059593230077577,0.0091019159040641,0.7853100907752169
2024-09-09,0.0114840051140579,0.0033275926278912,2,NORMAL,1.0,1.0,0.8,0.8,LIGHT_REDUCE,0.0326631266621622,-0.0306380518345585,0.0097395061895949,0.7875570013858213
2024-09-06,0.0163453973701142,0.0033275926278912,2,NORMAL,1.0,1.0,0.8,0.8,LIGHT_REDUCE,0.043373692289394,-0.0413710395336032,0.0094548315707472,0.7894195075215596
2024-09-05,0.0141054973167492,0.0033275926278912,1,NORMAL,1.0,1.0,0.9,0.9,LIGHT_REDUCE,0.0269980631970133,-0.0156533752837424,0.0085259295644385,0.7912602862040915
2024-09-04,0.0123727920088712,0.0033275926278912,1,NORMAL,1.0,1.0,0.9,0.9,LIGHT_REDUCE,0.0246257738602344,-0.0131650016208147,0.0096938689850244,0.7927269541279017
2024-09-03,0.0135906088171168,0.0033275926278912,2,NORMAL,1.0,1.0,0.8,0.8,LIGHT_REDUCE,0.0226251552891731,-0.0168813565999959,0.0098763953285475,0.7940807373915726
2024-08-30,0.0214685939359589,0.0031202814712266,0,NORMAL,1.0,1.0,1.0,1.0,FULL_RISK_ON,0.0020890801742693,0.0027575079098276,0.0111429833391089,0.7967425897129401
2024-08-29,0.0230420849840121,0.0031202814712266,0,NORMAL,1.0,1.0,1.0,1.0,FULL_RISK_ON,0.0115250945433383,0.0038295275310771,0.0120015944460109,0.7981294891355144
2024-08-28,0.0230111948331651,0.0031202814712266,2,NORMAL,1.0,1.0,0.8,0.8,LIGHT_REDUCE,0.0116136661734161,-0.0041382567306674,0.0125000443334493,0.7989285097653896
2024-08-27,0.021919485466873,0.0031202814712266,0,NORMAL,1.0,1.0,1.0,1.0,FULL_RISK_ON,0.0058424267790436,0.0051189311348749,0.0128592659517989,0.7998231076542642
2024-08-26,0.0220426017366188,0.0031202814712266,0,NORMAL,1.0,1.0,1.0,1.0,FULL_RISK_ON,0.0072055496672842,0.00210867957033,0.012952197509014,0.800517476320203
2024-08-23,0.0218848895270798,0.0031202814712266,0,NORMAL,1.0,1.0,1.0,1.0,FULL_RISK_ON,0.0048332603305053,0.0141076244969131,0.0129219336294787,0.8011007939126354
2024-08-22,0.0248131275351571,0.0031202814712266,2,NORMAL,1.0,1.0,0.8,0.8,LIGHT_REDUCE,0.0152960454472587,0.0056952556167635,0.0129434774064344,0.801931756094388
2024-08-21,0.0223241876016774,0.0031202814712266,0,NORMAL,1.0,1.0,1.0,1.0,FULL_RISK_ON,0.0075064731558094,0.031025289220832,0.012854094677448,0.8027649000917396
2024-08-20,0.0230074039899938,0.0031202814712266,0,NORMAL,1.0,1.0,1.0,1.0,FULL_RISK_ON,0.0109055332402726,0.0307358508716781,0.0139606658856119,0.8033297497156792
2024-08-19,0.0226942830064364,0.0031202814712266,0,NORMAL,1.0,1.0,1.0,1.0,FULL_RISK_ON,0.0092946298415536,0.0493930295332352,0.0139602032130273,0.8037306235974996
2024-08-16,0.0268672002151082,0.0031202814712266,0,NORMAL,1.0,1.0,1.0,1.0,FULL_RISK_ON,0.0186773912057063,0.0400007276209337,0.0139866513556311,0.803813328613539
2024-08-15,0.0280553796556721,0.0031202814712266,0,NORMAL,1.0,1.0,1.0,1.0,FULL_RISK_ON,0.02087242725546,0.0422502615584963,0.0140717228179519,0.8035102360098908
2024-08-14,0.0387478595454616,0.0031202814712266,1,NORMAL,1.0,1.0,0.9,0.9,LIGHT_REDUCE,0.0373722766836889,0.0483745834867377,0.0135786781653729,0.8030717070199195
2024-08-13,0.0409606530727527,0.0031202814712266,1,NORMAL,1.0,1.0,0.9,0.9,LIGHT_REDUCE,0.0403996660024345,0.0380923497142229,0.0138354998122,0.8062713007056188
2024-08-12,0.3301914718506263,0.0031202814712266,1,NORMAL,0.8,1.0,0.9,0.7200000000000001,LIGHT_REDUCE,0.0559253375266773,0.0307125987434784,0.0132878802003758,0.8094134077641743
2024-08-09,0.329977446032968,0.0032004465092154,1,NORMAL,0.8,1.0,0.9,0.7200000000000001,LIGHT_REDUCE,0.0564212286282432,0.000168873884097,0.0133237551183134,0.8109166842636532
2024-08-08,0.3325601089854305,0.0034284662284041,2,NORMAL,0.8,1.0,0.8,0.6400000000000001,LIGHT_REDUCE,0.0605638502978812,-0.0227621942656384,0.0133813150954318,0.8123041023715992
2024-08-07,0.5666191304534176,0.0034284662284041,3,NORMAL,0.6,1.0,0.7,0.42,REDUCE_TO_35_60,0.0817902890064782,-0.0583683559002141,0.0120228948768186,0.8133016303236058
2024-08-06,0.5250017619836881,0.0034284662284041,3,NORMAL,0.6,1.0,0.7,0.42,REDUCE_TO_35_60,0.0756117851540524,-0.036623652212561,0.0123851541600454,0.8132941105791683
2024-08-05,0.5860312037083973,0.0034284662284041,3,NORMAL,0.6,1.0,0.7,0.42,REDUCE_TO_35_60,0.0840563474005987,-0.0502607105583441,0.0120890296466251,0.8136770275465529
2024-08-02,0.3055340402564757,0.0034284662284041,2,NORMAL,0.8,1.0,0.8,0.6400000000000001,LIGHT_REDUCE,0.0565805475355136,-0.0211960421573844,0.0104968526078159,0.8138113876878416
2024-08-01,0.0118124081400449,0.0032004465092154,2,NORMAL,1.0,1.0,0.8,0.8,LIGHT_REDUCE,0.038682146567013,0.0085438208457178,0.0098547635273416,0.8142683979530856
2024-07-31,0.0092626186012792,0.0032004465092154,0,NORMAL,1.0,1.0,1.0,1.0,FULL_RISK_ON,0.0248737744244521,0.0177001078718921,0.0093336095464078,0.813612376490612
2024-07-30,0.0093345153955383,0.0034284662284041,2,NORMAL,1.0,1.0,0.8,0.8,LIGHT_REDUCE,0.0404703032527573,-0.0212720851229067,0.0085948449739321,0.8124862986515332
2024-07-29,0.0175736114843785,0.0034284662284041,1,NORMAL,1.0,1.0,0.9,0.9,LIGHT_REDUCE,0.0355841199979447,-0.017831098712654,0.0086770694729247,0.8116528898421734
2024-07-26,0.0126844853090442,0.0034284662284041,1,NORMAL,1.0,1.0,0.9,0.9,LIGHT_REDUCE,0.0361507583767032,-0.0082879220262876,0.0086886858858882,0.8104914641308321
2024-07-25,0.0124133861344211,0.0033275926278912,2,NORMAL,1.0,1.0,0.8,0.8,LIGHT_REDUCE,0.0468258953519038,-0.0257843029098936,0.0083182638475644,0.8092350593403258
2024-07-24,0.0123579370685098,0.0033275926278912,2,NORMAL,1.0,1.0,0.8,0.8,LIGHT_REDUCE,0.0418334261409979,-0.0282075508860201,0.0082628483525457,0.8084058639316539
2024-07-23,0.0140964432625334,0.0033275926278912,1,NORMAL,1.0,1.0,0.9,0.9,LIGHT_REDUCE,0.0196154802964432,-0.0196154802964432,0.0063820119386195,0.8079665629839808
2024-07-22,0.0105635043652739,0.0033275926278912,1,NORMAL,1.0,1.0,0.9,0.9,LIGHT_REDUCE,0.0180753241749167,-0.0122523148309555,0.0063896609359784,0.8080052417916486
2024-07-19,0.0164134661094091,0.0033275926278912,2,NORMAL,1.0,1.0,0.8,0.8,LIGHT_REDUCE,0.0280956912487598,-0.019643236073093,0.0060731562840467,0.8079038365016035
2024-07-18,0.0092819192293927,0.0033275926278912,2,NORMAL,1.0,1.0,0.8,0.8,LIGHT_REDUCE,0.0215984945683584,-0.0068645323671345,0.0058604215479858,0.8075177171553237
2024-07-17,0.0083641934668461,0.0033275926278912,2,NORMAL,1.0,1.0,0.8,0.8,LIGHT_REDUCE,0.0140213841622262,-0.0078031570699254,0.005585487286145,0.8071551486158796
2024-07-16,0.0067763140951013,0.0031959252851737,0,NORMAL,1.0,1.0,1.0,1.0,FULL_RISK_ON,0.0,0.0162644779873764,0.0043525265267188,0.8068763942210441
2024-07-15,0.0067644708298777,0.0031959252851737,0,NORMAL,1.0,1.0,1.0,1.0,FULL_RISK_ON,0.0,0.0112557507131869,0.0042413297833579,0.8073179663235928
2024-07-12,0.0068347213206258,0.0031959252851737,0,NORMAL,1.0,1.0,1.0,1.0,FULL_RISK_ON,0.0023695352240972,0.0096457437809598,0.0044772711223415,0.8073321682377916
2024-07-11,0.0070246359260525,0.0031959252851737,2,NORMAL,1.0,1.0,0.8,0.8,LIGHT_REDUCE,0.0086227122182253,0.009103040782123,0.0043503469506275,0.807165191010917
2024-07-10,0.0067803467328002,0.0031959252851737,0,NORMAL,1.0,1.0,1.0,1.0,FULL_RISK_ON,0.0,0.0178799264607021,0.0036478764082569,0.8065823820977827
2024-07-09,0.0067685867137285,0.0031959252851737,0,NORMAL,1.0,1.0,1.0,1.0,FULL_RISK_ON,0.0,0.0124041478626408,0.0034708319808455,0.8060822538875893
2024-07-08,0.0067858033557976,0.0031959252851737,0,NORMAL,1.0,1.0,1.0,1.0,FULL_RISK_ON,0.0,0.0182271390357267,0.0034655801162623,0.8048887601735616
2024-07-05,0.0067946172478491,0.0031959252851737,0,NORMAL,1.0,1.0,1.0,1.0,FULL_RISK_ON,0.0,0.0191468455857111,0.003468696270377,0.8037891035822762
2024-07-03,0.0067876082231464,0.0031959252851737,0,NORMAL,1.0,1.0,1.0,1.0,FULL_RISK_ON,0.0,0.0109072883339853,0.0034280602870635,0.8012647298334916
2024-07-02,0.006787763151248,0.0031959252851737,0,NORMAL,1.0,1.0,1.0,1.0,FULL_RISK_ON,0.0,0.0076720186913628,0.0040809212181472,0.7998674845459514
2024-07-01,0.0068692728699444,0.0031959252851737,0,NORMAL,1.0,1.0,1.0,1.0,FULL_RISK_ON,0.0025354351617931,0.0047904594805727,0.0039350954995836,0.797822018720796
2024-06-28,0.006926700499347,0.0031959252851737,0,NORMAL,1.0,1.0,1.0,1.0,FULL_RISK_ON,0.0045841086053833,-0.0005326863634688,0.0039406885535733,0.7960167937558758
2024-06-27,0.0068209750499106,0.0031959252851737,0,NORMAL,1.0,1.0,1.0,1.0,FULL_RISK_ON,0.0006515922860204,0.0020706680737088,0.0040299118368332,0.7940155307647636
2024-06-26,0.0068698768973705,0.0031959252851737,0,NORMAL,1.0,1.0,1.0,1.0,FULL_RISK_ON,0.002224644284267,-0.002224644284267,0.0045074873716322,0.7917452443821079
2024-06-25,0.0069172010930405,0.0031959252851737,0,NORMAL,1.0,1.0,1.0,1.0,FULL_RISK_ON,0.0034682624993861,-0.0034682624993861,0.0049356283316851,0.78923023447089
2024-06-24,0.0070421737203206,0.0031959252851737,0,NORMAL,1.0,1.0,1.0,1.0,FULL_RISK_ON,0.0072909675577066,-0.0047687546056135,0.0049092728965306,0.7862645210099969
2024-06-21,0.0069778209085634,0.0031959252851737,0,NORMAL,1.0,1.0,1.0,1.0,FULL_RISK_ON,0.0040535815295185,0.0064235329741513,0.0047992947803641,0.7831514210432169
2024-06-20,0.0069481447962206,0.0031959252851737,0,NORMAL,1.0,1.0,1.0,1.0,FULL_RISK_ON,0.0027166351101386,0.0083875457152966,0.0048739737698234,0.7802577559770869
2024-06-18,0.0069301866206293,0.0031959252851737,0,NORMAL,1.0,1.0,1.0,1.0,FULL_RISK_ON,0.0,0.0214917179614226,0.0052930601229649,0.7714079231408146
2024-06-17,0.0069478156605416,0.0031959252851737,0,NORMAL,1.0,1.0,1.0,1.0,FULL_RISK_ON,0.0,0.0213568912523578,0.0052922718366173,0.7674979885145923
2024-06-14,0.0069552564721316,0.0031959252851737,0,NORMAL,1.0,1.0,1.0,1.0,FULL_RISK_ON,0.0,0.016423038069391,0.0050760433926219,0.7632497443563957
2024-06-13,0.0069744146647081,0.0031959252851737,0,NORMAL,1.0,1.0,1.0,1.0,FULL_RISK_ON,0.0,0.0145703257104874,0.0050738582847442,0.7579222870668422
2024-06-12,0.0069894442949356,0.0031959252851737,0,NORMAL,1.0,1.0,1.0,1.0,FULL_RISK_ON,0.0,0.0125122707621061,0.0051250303169905,0.7530828301478139
2024-06-11,0.0069777644546641,0.0031202814712266,0,NORMAL,1.0,1.0,1.0,1.0,FULL_RISK_ON,0.0,0.0162001713367332,0.0055009073048398,0.7578649925935084
2024-06-10,0.0069595984456538,0.0031202814712266,0,NORMAL,1.0,1.0,1.0,1.0,FULL_RISK_ON,0.0,0.0148917706369628,0.0055453848095322,0.7616722779026056
2024-06-07,0.0069730216418339,0.0031202814712266,0,NORMAL,1.0,1.0,1.0,1.0,FULL_RISK_ON,0.0012344812321769,0.0125907686298034,0.005537687125564,0.7655503213887431
2024-06-06,0.0069454297661722,0.0031202814712266,0,NORMAL,1.0,1.0,1.0,1.0,FULL_RISK_ON,1.889155106860052e-05,0.0230571729579376,0.0055068991706535,0.76913458840716
2024-06-05,0.0069239560228349,0.0031202814712266,0,NORMAL,1.0,1.0,1.0,1.0,FULL_RISK_ON,0.0,0.016289888455667,0.0055803285699802,0.7721566101533225
2024-06-04,0.0070457900878158,0.0031959252851737,0,NORMAL,1.0,1.0,1.0,1.0,FULL_RISK_ON,0.0055893021650699,-0.0026802584110392,0.0050420759092808,0.7746245112885061
2024-06-03,0.0070681680344931,0.0031959252851737,0,NORMAL,1.0,1.0,1.0,1.0,FULL_RISK_ON,0.006699582371773,-0.0030976115663635,0.0050420725681601,0.7774886262948323
2024-05-31,0.0070830885401377,0.0031959252851737,0,NORMAL,1.0,1.0,1.0,1.0,FULL_RISK_ON,0.0075088830043699,-0.0039098469377359,0.0054472908156066,0.780223008310652
2024-05-30,0.0084321365392561,0.0033275926278912,2,NORMAL,1.0,1.0,0.8,0.8,LIGHT_REDUCE,0.0164669855915856,-0.0063693991916133,0.0057292106247712,0.7827221158005037
2024-05-29,0.0076725545443561,0.0033275926278912,2,NORMAL,1.0,1.0,0.8,0.8,LIGHT_REDUCE,0.0098991184525355,-0.007040193296112,0.0056153413450137,0.7848507522727662
2024-05-28,0.0069086748891232,0.0031959252851737,0,NORMAL,1.0,1.0,1.0,1.0,FULL_RISK_ON,0.0029168616971282,-0.0029168616971282,0.0053357138599602,0.7869821227817181
2024-05-24,0.006921757808447,0.0031202814712266,0,NORMAL,1.0,1.0,1.0,1.0,FULL_RISK_ON,0.0036131629808501,-1.8842280806286027e-05,0.0067514598343904,0.7914522458391539
2024-05-23,0.0071610299040586,0.0031202814712266,2,NORMAL,1.0,1.0,0.8,0.8,LIGHT_REDUCE,0.0101623142360521,-0.005163484799721,0.0068818215259165,0.7938338334245756
2024-05-22,0.0068736051438723,0.0031202814712266,0,NORMAL,1.0,1.0,1.0,1.0,FULL_RISK_ON,0.0028791952475032,9.450579998460108e-05,0.0066681408159592,0.7957529391757321
2024-05-21,0.0068093740618192,0.0031202814712266,0,NORMAL,1.0,1.0,1.0,1.0,FULL_RISK_ON,0.0,0.0154020568563566,0.0065894770920468,0.7979499809184452
2024-05-20,0.0068049857153393,0.0031202814712266,0,NORMAL,1.0,1.0,1.0,1.0,FULL_RISK_ON,0.0,0.0175654719356059,0.0069138972146048,0.8003641072065258
2024-05-17,0.0068132177845638,0.0031202814712266,0,NORMAL,1.0,1.0,1.0,1.0,FULL_RISK_ON,0.0006228202908071,0.0165310749768703,0.0070357943592872,0.802585342240605
2024-05-16,0.0068462910299984,0.0031202814712266,0,NORMAL,1.0,1.0,1.0,1.0,FULL_RISK_ON,0.0020574724723906,0.0163792218925662,0.0075329316378082,0.8046104104959958
2024-05-15,0.0067970033780382,0.0031202814712266,0,NORMAL,1.0,1.0,1.0,1.0,FULL_RISK_ON,0.0,0.0243430624529417,0.0075329382801174,0.8064591619232119
2024-05-14,0.0067642926069613,0.0031202814712266,0,NORMAL,1.0,1.0,1.0,1.0,FULL_RISK_ON,0.0,0.0119117698920589,0.0074272013080878,0.8082894165240457
2024-05-13,0.0068812883730755,0.0031202814712266,0,NORMAL,1.0,1.0,1.0,1.0,FULL_RISK_ON,0.0043197218674031,0.0084014828787468,0.0074458596873138,0.8094889692236913
2024-05-10,0.0069018798617966,0.0032004465241739,0,NORMAL,1.0,1.0,1.0,1.0,FULL_RISK_ON,0.0044534990509864,0.0186781968378406,0.0080904453148681,0.810402012613686
2024-05-09,0.0069642835014421,0.0032004465092154,0,NORMAL,1.0,1.0,1.0,1.0,FULL_RISK_ON,0.0057341250876851,0.0299783978347834,0.0087398395061772,0.8111892290105871
2024-05-08,0.0072921249977141,0.0032004465092154,0,NORMAL,1.0,1.0,1.0,1.0,FULL_RISK_ON,0.0114301728389294,0.0336563809569383,0.0088079878829004,0.8118000794855923
2024-05-07,0.0073014823410659,0.0032004465092154,0,NORMAL,1.0,1.0,1.0,1.0,FULL_RISK_ON,0.0115257535081799,0.0302004169686489,0.009107364346089,0.8120049755481836
2024-05-06,0.0074070104687447,0.0032004465092154,0,NORMAL,1.0,1.0,1.0,1.0,FULL_RISK_ON,0.0126152182063774,0.012763253057815,0.0091077637340036,0.8124011760074736
2024-05-03,0.0088659819049108,0.0032004465092154,0,NORMAL,1.0,1.0,1.0,1.0,FULL_RISK_ON,0.0227075596205279,0.0059615271023978,0.0087710319640943,0.8131063096555219
2024-05-02,0.010987598815405,0.0032004465092154,1,NORMAL,1.0,1.0,0.9,0.9,LIGHT_REDUCE,0.0346730795495743,0.0030586922921747,0.008628091947521,0.8143248696533663
2024-05-01,0.0153584827917027,0.0034284662284041,1,NORMAL,1.0,1.0,0.9,0.9,LIGHT_REDUCE,0.0436185125216636,-0.010011624755412,0.0086456194715716,0.8158006859733445
2024-04-30,0.0131431409054854,0.0034284662284041,2,NORMAL,1.0,1.0,0.8,0.8,LIGHT_REDUCE,0.0405029640733476,-0.0072579855597394,0.0086627766774167,0.8174636224790501
2024-04-29,0.009255170133392,0.0032004465092154,0,NORMAL,1.0,1.0,1.0,1.0,FULL_RISK_ON,0.0250586414816768,0.0206915564158616,0.0080832508276046,0.818576190945012
2024-04-26,0.0098726360708241,0.0032004465092154,0,NORMAL,1.0,1.0,1.0,1.0,FULL_RISK_ON,0.0284991880410229,0.0264559941694251,0.0080081641096892,0.8191030514381727
2024-04-25,0.0115590910387203,0.0032004465092154,1,NORMAL,1.0,1.0,0.9,0.9,LIGHT_REDUCE,0.0376167138889199,0.0079475644482045,0.0076006457905872,0.8194697892922999
2024-04-24,0.0108270155455277,0.0032004465092154,1,NORMAL,1.0,1.0,0.9,0.9,LIGHT_REDUCE,0.0339467498877938,0.00970935584446,0.0075954765779283,0.8198330988283085
2024-04-23,0.0107285532558434,0.0032004465092154,1,NORMAL,1.0,1.0,0.9,0.9,LIGHT_REDUCE,0.0334880341821262,0.0042102821823331,0.0079231105268417,0.8197479527359506
2024-04-22,0.0153312735893403,0.0034284662284041,1,NORMAL,1.0,1.0,0.9,0.9,LIGHT_REDUCE,0.0448227455296968,-0.0093765830523533,0.0072964905435148,0.8198001650141368
2024-04-19,0.1299578851293183,0.0034284662284041,3,NORMAL,1.0,1.0,0.7,0.7,LIGHT_REDUCE,0.0535387610600063,-0.0307134210627169,0.0068084862079439,0.8201770283675521
2024-04-18,0.0168157555505385,0.0034284662284041,2,NORMAL,1.0,1.0,0.8,0.8,LIGHT_REDUCE,0.0452050086177533,-0.0356756778878324,0.0066511408741654,0.8211218610283284
2024-04-17,0.0118294582870362,0.0034284662284041,2,NORMAL,1.0,1.0,0.8,0.8,LIGHT_REDUCE,0.0432363090225529,-0.0263946362646146,0.0067641622602084,0.8215739709177031
2024-04-16,0.0123221514874086,0.0034284662284041,2,NORMAL,1.0,1.0,0.8,0.8,LIGHT_REDUCE,0.0375402612713087,-0.0304050152057793,0.0071334891758842,0.8218856435340574
2024-04-15,0.0107166346491179,0.0034284662284041,2,NORMAL,1.0,1.0,0.8,0.8,LIGHT_REDUCE,0.035781672299411,-0.0275099381593586,0.0072871606931782,0.8219875940915377
2024-04-12,0.0125661143516136,0.0034284662284041,2,NORMAL,1.0,1.0,0.8,0.8,LIGHT_REDUCE,0.0235485980031983,-0.014621101716548,0.0068819148983379,0.8219518598894975
2024-04-11,0.0070193551054155,0.0032004465092154,0,NORMAL,1.0,1.0,1.0,1.0,FULL_RISK_ON,0.0098818732571721,0.0096088369290343,0.0062927415224097,0.8216926444028553
2024-04-10,0.0095933806384896,0.0034284662284041,2,NORMAL,1.0,1.0,0.8,0.8,LIGHT_REDUCE,0.0172982538770355,-0.0101847238625268,0.0060859173064934,0.8213230801619116
2024-04-09,0.0069209017605318,0.0032004465092154,0,NORMAL,1.0,1.0,1.0,1.0,FULL_RISK_ON,0.0073589964649454,0.0009250276922467,0.0056311020178977,0.8208421567897907
2024-04-08,0.0073534549966254,0.0034284662284041,0,NORMAL,1.0,1.0,1.0,1.0,FULL_RISK_ON,0.0085057261401689,-0.0065881190324912,0.0060882717002732,0.8202376365171143
2024-04-05,0.0080074244247626,0.0034284662284041,0,NORMAL,1.0,1.0,1.0,1.0,FULL_RISK_ON,0.0090599629261414,-0.0088707335703359,0.0061006526252615,0.8197080626010707
2024-04-04,0.0136874734648384,0.0034284662284041,2,NORMAL,1.0,1.0,0.8,0.8,LIGHT_REDUCE,0.0193052095755145,-0.0191179366462849,0.0058382747643384,0.8193047254210114
2024-04-03,0.0074700291478387,0.0034284662284041,0,NORMAL,1.0,1.0,1.0,1.0,FULL_RISK_ON,0.0071867248222997,-0.0071867248222997,0.0054896214714024,0.819048317838605
2024-04-02,0.0069512460668327,0.0032004465092154,2,NORMAL,1.0,1.0,0.8,0.8,LIGHT_REDUCE,0.008276368287335,5.774621278575864e-05,0.0055605057528375,0.8187852572802754
2024-04-01,0.0067677455729978,0.0032004465092154,0,NORMAL,1.0,1.0,1.0,1.0,FULL_RISK_ON,0.0019303243140298,0.004598269361719,0.0058748405143304,0.8183617242458391
2024-03-28,0.0067131542649531,0.0032004465092154,0,NORMAL,1.0,1.0,1.0,1.0,FULL_RISK_ON,0.0001909229827175,0.0016660373331582,0.0061316109018899,0.8169612863467578
2024-03-27,0.0067203675359787,0.0032004465092154,0,NORMAL,1.0,1.0,1.0,1.0,FULL_RISK_ON,0.0,0.0051682052087433,0.0061309389950904,0.8158281703967778
2024-03-26,0.0069216488107155,0.0032004465092154,0,NORMAL,1.0,1.0,1.0,1.0,FULL_RISK_ON,0.0064917965257805,0.0060111183746245,0.0059644745414774,0.8151212324695036
2024-03-25,0.0068816203643502,0.0032004465092154,0,NORMAL,1.0,1.0,1.0,1.0,FULL_RISK_ON,0.0046534660853913,0.0134734664784219,0.0059179271697848,0.8142321909918134
2024-03-22,0.0068214331743371,0.0032004465092154,0,NORMAL,1.0,1.0,1.0,1.0,FULL_RISK_ON,0.0018958808753755,0.0223212033607249,0.0059554632041986,0.8132124450324811
2024-03-21,0.006758290737789,0.0032004465092154,0,NORMAL,1.0,1.0,1.0,1.0,FULL_RISK_ON,0.0,0.0172298765443494,0.0059063828506769,0.812101404088277
2024-03-20,0.0067562085563791,0.0032004465168431,0,NORMAL,1.0,1.0,1.0,1.0,FULL_RISK_ON,0.0,0.0118749008298593,0.0072888042081677,0.8106326558761132
2024-03-19,0.0067414198713956,0.0031202814712266,0,NORMAL,1.0,1.0,1.0,1.0,FULL_RISK_ON,0.0,0.0010301160225432,0.0071171256725349,0.8082075056887156
2024-03-18,0.0069063659723992,0.0031202814712266,0,NORMAL,1.0,1.0,1.0,1.0,FULL_RISK_ON,0.0045019997491123,0.006206876599557,0.007258925268147,0.8051227170257951
2024-03-15,0.0071234959265088,0.0031202814712266,2,NORMAL,1.0,1.0,0.8,0.8,LIGHT_REDUCE,0.010383458162966,-0.0005979154725722,0.0071887645282194,0.8021024826691504
2024-03-14,0.0068799311670012,0.0031202814712266,0,NORMAL,1.0,1.0,1.0,1.0,FULL_RISK_ON,0.0035411713283909,0.0002720150238793,0.007088989861273,0.7996787130165015
2024-03-13,0.0068503248417169,0.0031202814712266,0,NORMAL,1.0,1.0,1.0,1.0,FULL_RISK_ON,0.0015673521177165,0.0122021253185711,0.0071508308205037,0.7979305708344265
2024-03-12,0.0068233255192833,0.0031202814712266,0,NORMAL,1.0,1.0,1.0,1.0,FULL_RISK_ON,0.0,0.0189281393780127,0.0072870070866676,0.7982374476148617
2024-03-11,0.0069829703935914,0.0031202814712266,0,NORMAL,1.0,1.0,1.0,1.0,FULL_RISK_ON,0.0068568074766592,-0.0019909580374584,0.0078282467540531,0.7998222143574387
2024-03-08,0.0069438644312965,0.0031202814712266,2,NORMAL,1.0,1.0,0.8,0.8,LIGHT_REDUCE,0.0060021287392802,-0.0022032787285094,0.0078234154028701,0.8013213584037379
2024-03-07,0.0067900468508581,0.0031202814712266,0,NORMAL,1.0,1.0,1.0,1.0,FULL_RISK_ON,0.0,0.0132458560806996,0.0077057004371203,0.8027802124688673
2024-03-06,0.0069576042478864,0.0031202814712266,0,NORMAL,1.0,1.0,1.0,1.0,FULL_RISK_ON,0.0060445802196997,0.0068936655440881,0.0074578791073039,0.804689761651832
2024-03-05,0.0071909557176409,0.0031202814712266,2,NORMAL,1.0,1.0,0.8,0.8,LIGHT_REDUCE,0.011055723750202,0.000493327007331,0.0075824808447539,0.8063810730666118
2024-03-04,0.0067987504313413,0.0031202814712266,0,NORMAL,1.0,1.0,1.0,1.0,FULL_RISK_ON,0.0010724009353858,0.0124704833727609,0.0071003389700097,0.8078040810796723
2024-03-01,0.0067567255528437,0.0031202814712266,0,NORMAL,1.0,1.0,1.0,1.0,FULL_RISK_ON,0.0,0.0098453401170115,0.0071814496023849,0.809360999272816
2024-02-29,0.0067274090860759,0.0032004465092154,0,NORMAL,1.0,1.0,1.0,1.0,FULL_RISK_ON,0.0,0.001142922565394,0.0072484818865582,0.8108916931000817
2024-02-28,0.0068551480402943,0.0032004465092154,0,NORMAL,1.0,1.0,1.0,1.0,FULL_RISK_ON,0.0031308336746765,0.0182015511910922,0.0076629144548076,0.8120534671095574
2024-02-27,0.0068188875736136,0.0032004465092154,0,NORMAL,1.0,1.0,1.0,1.0,FULL_RISK_ON,0.0018116642581751,0.0204726016458283,0.0087080495635595,0.8129992715430268
2024-02-26,0.0068539062230269,0.0032004465092154,0,NORMAL,1.0,1.0,1.0,1.0,FULL_RISK_ON,0.0036624300697966,0.0129727706730427,0.0087245256276829,0.8138968185656436
2024-02-23,0.0067486886271623,0.0032004465092154,0,NORMAL,1.0,1.0,1.0,1.0,FULL_RISK_ON,0.0,0.0166963499569776,0.0087472450494816,0.8146618225010104
2024-02-22,0.0067385213479272,0.0032004465092154,0,NORMAL,1.0,1.0,1.0,1.0,FULL_RISK_ON,0.0,0.0109360142004477,0.008774725076521,0.8155090494995719
2024-02-21,0.0069979697244946,0.0032004465092154,0,NORMAL,1.0,1.0,1.0,1.0,FULL_RISK_ON,0.0095615060473063,-0.0027277779927796,0.0076551334910031,0.8162378375382431
2024-02-20,0.0070895072982383,0.0032004465092154,2,NORMAL,1.0,1.0,0.8,0.8,LIGHT_REDUCE,0.010457973159559,0.0054243089245233,0.0076548287589143,0.8164337465630478
2024-02-16,0.0068488522136047,0.0032004465092154,0,NORMAL,1.0,1.0,1.0,1.0,FULL_RISK_ON,0.00497993679069,-0.0033719730594058,0.0074843591819747,0.8168081530750956
2024-02-15,0.0067224958685535,0.0032004465092154,0,NORMAL,1.0,1.0,1.0,1.0,FULL_RISK_ON,0.0,0.0074048233014343,0.0076708581299618,0.8170303446595243
2024-02-14,0.0068694514772176,0.0032004465092154,0,NORMAL,1.0,1.0,1.0,1.0,FULL_RISK_ON,0.005247482157581,0.0009434966193149,0.0077417286673859,0.8173410443539919
2024-02-13,0.0075614993924456,0.0032004465092154,2,NORMAL,1.0,1.0,0.8,0.8,LIGHT_REDUCE,0.0142061125785895,0.0002022633618374,0.0078021344367415,0.8173757473874453
2024-02-12,0.0067509731817909,0.0032004465092154,0,NORMAL,1.0,1.0,1.0,1.0,FULL_RISK_ON,0.0004390060219821,0.0171150670187907,0.0070139376966717,0.8172821104344946
